rumor_id,publish_date,rumor_type,article_title,article_content,search_expression,source,article_url
80016,2020-01-21,wish,放烟花爆竹可以消毒，预防瘟疫,农业上确实有在大棚中燃烧硫磺杀灭害虫细菌的做法...,(烟花|爆竹)+(消毒|瘟疫),医学博士、副主任医师、中华医学会科普分会青年委员,https://vp.fact.qq.com/article?id=a54f4a260301565af3454048724350f5
80021,2020-01-21,wish,白醋放在暖气片上可以消毒室内空气,首先，食醋中的主要成分是乙酸，一般在食醋中的比例是6%-8%左右...,白醋+(暖气|暖气片),医学博士、副主任医师、中华医学会科普分会青年委员,https://vp.fact.qq.com/article?id=c277f00c36576e096ef010fb452bc91b
80031,2020-01-22,wish,新型冠状病毒抗体能治疗和预防肺炎,京天成这次通报成功研制的抗体叫“2019冠状病毒N蛋白抗体”...,抗体+N蛋白+治疗,药理学硕士，知贝儿科药师,https://vp.fact.qq.com/article?id=d024bb6fdb1f60a8a785dd83c9a935d4
80034,2020-01-22,dread,戴多层口罩，才能有效预防新型冠状病毒,就医用口罩而言，只要正确佩戴合格产品...,多层+(佩戴|戴)+口罩,医学博士、副主任医师、中华医学会科普分会青年委员,https://vp.fact.qq.com/article?id=f8fefa75b7d1f0296c3656714c06d8b9
80035,2020-01-22,wish,谣言:吸烟能预防病毒性肺炎,,(香烟吸烟|抽烟)+预防,科学辟谣,https://piyao.kepuchina.cn/h5/rumordetail?id=dgYm
80040,2020-01-22,wish,辟谣侠盟丨专家辟谣燃放烟花爆竹能防治肺炎：反而有害！这9大谣言别信,,(烟花|爆竹)+防治,0,https://moment.rednet.cn/content/2020/01/22/6643622.html
80044,2020-01-22,wish,谣言:燃放烟花遏制呼吸道疾病,,(烟花|爆竹)+遏制,科学辟谣,https://piyao.kepuchina.cn/h5/rumordetail?id=eyAZ
80048,2020-01-22,wish,大蒜能对抗新型冠状病毒吗？有多大的效果呢？听专家怎么说,【大蒜能对抗新型冠状病毒吗？有多大的效果呢？听专家怎么说】这几天新型冠状病毒感染的病例数，每天都在增加，随着春运大迁徙，全国的人都有机会接触到新型冠状病毒...【我的诊室】了解更多>>网页链接【文章详情】点击↓↓↓ 大蒜能对抗新型冠状病毒吗？有多大的效果呢？听专家怎么说,大蒜+(预防|防病毒|防护|防感染|抗病毒|防肺炎|对抗|抵抗|杀死|抵御|消灭|阻挡|遏制|抑制|消除|杀毒|除菌|杀病毒),微博辟谣,https://www.weibo.com/1866405545/IryEtbMs3
80053,2020-01-22,dread,辟谣：大V@荞麦chen 宣称“当年SARS消失，主要是气温因素，它并没有被攻克或者治愈，到现在都没有疫苗”。该言论与事实不符，虽然SARS的传染与气候相关，但没有证据表明这是主要因素。重要的是，我国已研制出SARS灭活疫苗（图2，并告知语文差的人这句话驳斥的是“到现在都没有疫苗”）。而且传染病领域防控远远大于治疗，医学本来就是这样的，又怎么能说没战胜过SARS呢。鉴于该谣言被转发4.4万，客观上造成了很大不良影响，希望@微博辟谣 @微博客服 尽快处理。也希望各路大V在敏感时期保持谨慎好，不要散布不实信息。补充：有个问题是我不能理解的，为什么还有人觉得气温是主要原因。照这么理解，越南、新加坡或者菲律宾这种国家就不该比韩国感染人数多吧。我有讲，它和气候有关，但没有证据表明这是主要因素。 最后，我再把中科院的文章补在这里，信也好，不信也罢，大家自己权衡吧。我最迷惑的是，为什么一些没怎么接触过医学的人，聊起SARS特别有自信。,,气温+消失+(sars|SARS|非典),"荞麦chen,微博辟谣,微博客服",https://www.weibo.com/1866405545/IqDmx4i0b
80067,2020-01-23,wish,钟南山院士建议盐水漱口防病毒,钟南山院士并未给出盐水漱口防病毒的建议...,盐水+漱口+(杀灭|预防|治疗|防病毒|防感染|抗病毒|防肺炎|对抗|抵抗|杀死|抵御|消灭|阻挡|遏制|抑制|消除|杀毒|除菌|杀病毒),医学博士、副主任医师、中华医学会科普分会青年委员,https://vp.fact.qq.com/article?id=9f065d6a729245d5dfaa18759f10f088
80076,2020-01-23,wish,抗流感药物奥司他韦、利巴韦林能预防新型冠状病毒,奥司他韦对于新型冠状病毒的增殖和释放都是无能为力的...,(奥司他韦|利巴韦林)+(预防|防病毒|防护|防感染|抗病毒|防肺炎|对抗|抵抗|杀死|抵御|消灭|阻挡|遏制|抑制|消除|杀毒|除菌|杀病毒),药理学硕士，知贝儿科药师,https://vp.fact.qq.com/article?id=7e76b95972ff53d590c7cf4d8f48d57c
80080,2020-01-23,wish,喝高度白酒、蒸桑拿，可以抵抗新型冠状病毒,喝白酒不能抵抗新型冠状病毒...,桑拿+(预防|防病毒|防感染|抗病毒|防肺炎|抵抗|杀死|抵御|消灭|阻挡|遏制|抑制|消除|杀毒|除菌),美国普渡大学农业与生物系食品工程专业博士,https://vp.fact.qq.com/article?id=e645f3ef33879460c954a47cbbc85d0e
80125,2020-01-25,dread,带呼吸阀的N95口罩对新型冠状病毒没有防护作用,目前还没有研究比较不同型号的N95口罩在预防病毒性呼吸道传染病方面...,呼吸阀+防护,医学博士、副主任医师、中华医学会科普分会青年委员,https://vp.fact.qq.com/article?id=518dac7222489318f57c0adda89a14f9
80129,2020-01-25,wish,抗艾滋药物洛匹那韦利托那韦片可有效治疗武汉肺炎,“洛匹那韦利托那韦片”是抗HIV病毒的药物...,洛匹那韦利托那韦+(预防|治疗|防病毒|防感染|抗病毒|防肺炎|对抗|抵抗|杀死|抵御|消灭|阻挡|遏制|抑制|消除|杀毒|除菌|杀病毒),宾夕法尼亚大学医学院病理及实验医药系研究副教授,https://vp.fact.qq.com/article?id=e79dd74ff13728ddfcdb6dee85ef129e
80135,2020-01-25,dread,吃香蕉会得新型冠状病毒肺炎,新型肺炎病毒来源于动物，通过动物传播，香蕉不是它的宿主...,吃+香蕉+(传染|感染|传播),美国普渡大学农业与生物系食品工程专业博士,https://vp.fact.qq.com/article?id=c02adce8a72ca30d602947c1e395234f
80146,2020-01-25,dread,N95口罩也是需要4个小时一换,一般来说，口罩在长期使用后，会对后续防护效果造成影响...,(四小时|4小时)+(n95|N95)+(换|一换),药理学硕士，知贝儿科药师,https://vp.fact.qq.com/article?id=887427b1869b3db05a2d6ccdc33400a3
80191,2020-01-26,wish,吃辣椒能降低新型冠状病毒肺炎死亡风险,现在科学家们在紧锣密鼓地努力做研究...,辣椒+降低+死亡风险,美国普渡大学农业与生物系食品工程专业博士,https://vp.fact.qq.com/article?id=e1de77718d74f1632adad425f0e55aa8
80195,2020-01-26,wish,多吃草莓可以预防新型冠状病毒肺炎,草莓是一种挺好的水果，作为均衡饮食的一部分没有什么不好...,草莓+(多吃|吃)+(预防|治疗|防病毒|防感染|抗病毒|防肺炎|对抗|抵抗|杀死|抵御|消灭|阻挡|遏制|抑制|消除|杀毒|除菌|杀病毒),美国普渡大学农业与生物系食品工程专业博士,https://vp.fact.qq.com/article?id=2e6a8e6e60cf500c584d8bb7cd5d8984
80199,2020-01-26,wish,打开家里空调和取暖器，室温增高到30度能抗肺炎,目前没有正确的答案。从一般规律来看...,(摄氏度|度|℃)+(30|三十)+(高温|室温|温度),宾夕法尼亚大学医学院病理及实验医药系研究副教授,https://vp.fact.qq.com/article?id=a00298865cbbec0bc833006bd50e1384
80200,2020-01-26,wish,养猫养狗能抗新型冠状病毒肺炎,有人觉得养猫养狗可以抗新型冠状病毒...,养+(猫|狗)+(预防|防病毒|防护|防感染|抗病毒|防肺炎|对抗|抵抗|杀死|抵御|消灭|阻挡|遏制|抑制|消除|杀毒|除菌|杀病毒),宾夕法尼亚大学医学院病理及实验医药系研究副教授,https://vp.fact.qq.com/article?id=b68f54493f0bff4d32ce34c53d459118
80201,2020-01-26,wish,谣言:温度越高病毒“失活”越快 室温增高到30度能抗肺炎,,(温度|气温|热|高温)+失活+越快+病毒,科学辟谣,https://piyao.kepuchina.cn/h5/rumordetail?id=XkeL
80207,2020-01-26,wish,谣言:喝高度白酒、蒸桑拿，可以抵抗新型冠状病毒,,(饮|喝)+白酒+(预防|防病毒|防护|防感染|抗病毒|防肺炎|对抗|抵抗|杀死|抵御|消灭|阻挡|遏制|抑制|消除|杀毒|除菌|杀病毒),科学辟谣,https://piyao.kepuchina.cn/h5/rumordetail?id=xjVo
80208,2020-01-26,dread,谣言:带呼吸阀的N95口罩对新型冠状病毒没有防护作用,,呼吸阀+防护,科学辟谣,https://piyao.kepuchina.cn/h5/rumordetail?id=kEaJ
80212,2020-01-26,wish,乳铁蛋白能预防新型冠状病毒,有一些初步研究显示乳铁蛋白对于婴儿可能有一定的健康益处...,乳铁蛋白+预防,美国普渡大学农业与生物系食品工程专业博士,https://vp.fact.qq.com/article?id=fe412f1f9a3a46ea88a303458e613f90
80213,2020-01-26,wish,【部分错误】网传「好消息！新病毒不耐高温。冠状病毒在56摄氏度、30分钟就死亡了...新病毒怕酒精，医用酒精消毒是有效的...人在家里时，可以把暖气和空调都开着」？,网传「好消息！新病毒不耐高温。冠状病毒在56摄氏度、30分钟就死亡了...新病毒怕酒精，医用酒精消毒是有效的...人在家里时，可以把暖气和空调都开着」，经查： 一、冠状病毒确实无法在高温环境存活。 二、酒精、乙醚、含氯消毒剂确实可以达到杀死病毒的效果，但这些是使用于环境消毒，对已经感染的病患没有效果。一般家庭和个人消毒，只需要使用医学用酒精（浓度75％）、稀释漂白水和干洗手。 三、开暖气空调无法消灭病毒。 因此，传言为「部分错误」讯息。 背景 通讯软体流传讯息指出：「好消息！新病毒不耐高温。冠状病毒在56摄氏度、30分钟就死亡了...新病毒怕酒精，医用酒精消毒是有效的。乙...,(高温|室温|温度)+(度|摄氏度|℃)+(56|五十六),台湾事实查核中心,https://tw.news.yahoo.com/%E9%83%A8%E5%88%86%E9%8C%AF%E8%AA%A4-%E7%B6%B2%E5%82%B3-%E5%A5%BD%E6%B6%88%E6%81%AF-%E6%96%B0%E7%97%85%E6%AF%92%E4%B8%8D%E8%80%90%E9%AB%98%E6%BA%AB-%E5%86%A0%E7%8B%80%E7%97%85%E6%AF%92%E5%9C%A856%E6%94%9D%E6%B0%8F%E5%BA%A6-132829394.html
80220,2020-01-26,dread,家养的宠物会传染新型冠状病毒,_前尚_证据。此次的新型冠状病毒，从进化起源和病毒的亲缘关系上看...,宠物+传染,腾讯旗下专业医学科普平台,https://vp.fact.qq.com/article?id=c9f716744c4ce93a63771ef903c1fb08
80282,2020-01-27,wish,谣言：新型冠状病毒疫苗已研制成功,新型冠状病毒疫苗已研制成功，我国科学家已经读取了新型冠状病毒的全部基因序列，并且制造出高效、高灵敏度的疾病诊断试剂。,疫苗+(研制成功|出来了)+(新冠|肺炎|新型冠状),头条辟谣,http://toutiao.com/group/6786634631140606477/
80299,2020-01-27,wish,谣言：养猫养狗能抗新型冠状病毒肺炎,"有人觉得养猫养狗可以抗新型冠状病毒，是因为国内呼吸科权威专家团队""钟南山团队""的专家说：城市儿童患哮喘等过敏性呼吸道疾病的发病率有上升趋势，建议家长可以考虑在家中养宠物，这样可以帮小朋友适应过敏源。",养猫养狗+(抗|预防),头条辟谣,http://toutiao.com/group/6786631267505930766/
80307,2020-01-27,wish,阿司匹林能有效延缓新冠肺炎病情,阿司匹林是一个经典老药，属于非甾体抗炎药（NSAIDs）...,阿司匹林+(延缓|阻挡|遏制|抑制),药理学硕士，知贝儿科药师,https://vp.fact.qq.com/article?id=bc695209c3ce3ff32bcc98533f38d01f
80310,2020-01-27,wish,花菇中的多糖能增强人体免疫力，对抗新型冠状病毒,目前市场上所有号称增强免疫力的药物/保健品都缺乏临床依据...,(蘑菇|花菇)+(多糖|多糖类)+(预防|治疗|防病毒|防感染|抗病毒|防肺炎|对抗|抵抗|杀死|抵御|消灭|阻挡|遏制|抑制|消除|杀毒|除菌|杀病毒),药理学硕士，知贝儿科药师,https://vp.fact.qq.com/article?id=fe9c18c350d5e41552af5e6ce7d938a7
80316,2020-01-27,wish,喝红酒能抵抗新型冠状病毒，延缓病情发展,红葡萄酒中确实存在红酒多酚，据研究...,(饮|喝)+红酒+(预防|防病毒|防护|防感染|抗病毒|防肺炎|对抗|抵抗|杀死|抵御|消灭|阻挡|遏制|抑制|消除|杀毒|除菌|杀病毒),药理学硕士，知贝儿科药师,https://vp.fact.qq.com/article?id=bb3e51a96ffbcf94f7ab87b9dcf9160a
80321,2020-01-27,dread,新型冠状病毒已经混合在空气里，一旦呼吸就会致病,目前已经证实，新型冠状病毒能够通过空气传播。但并不是说...,空气+(混合|混入)+病毒+呼吸,腾讯旗下专业医学科普平台,https://vp.fact.qq.com/article?id=a7fb6514f0184062b72a47c346bcedb9
80334,2020-01-27,wish,谣言：新型冠状病毒20℃以上会“热死”,室内温度保持25度左右，开窗五分钟通风换气，原理是同济最新研究发现这种病毒喜欢0度左右的湿冷环境，20度左右就死亡，所以病毒在20度以上的室温下基本不能存活。,(20|二十)+(度|摄氏度|℃)+病毒,头条辟谣,http://toutiao.com/group/6786563590959661582/
80361,2020-01-28,dread,谣言：集体开窗唱歌会被传染,鉴定结果：谣言网传截图权威解读：关于“集体开窗唱歌会被传染病毒”，武汉晚报记者向三甲医院求证：阳台和阳台之间是飞沫的安全距离，被沾染飞沫的几率不大。,开窗+唱歌+(传染|感染),头条辟谣,http://toutiao.com/group/6786910493274538508/
80367,2020-01-28,dread,喷嚏可打8米远，病毒可悬浮24小时,预防呼吸道感染的最重要措施就是：佩戴口罩，勤洗手，加强通风...,悬浮24小时,广东省梅州市人民医院呼吸科主治医师,https://vp.fact.qq.com/article?id=e62097fdce2f0b2f32fffc994292a3d9
80387,2020-01-28,wish,熏醋可以杀死冠状病毒,该消息已被辟谣。虽然酸碱度改变确实会影响一部分微生物的活性，但是，没有证据表明熏醋的浓度可以杀灭冠状病毒，而且熏醋还会对人的呼吸道和眼睛造成不必要的刺激。如果需要进行室内消毒，有很多合格的医用消毒剂可以选用。即使不消毒，做好室内通风也能有效减少感染风险。,熏醋+(预防|治疗|防病毒|防感染|抗病毒|防肺炎|对抗|抵抗|杀死|抵御|消灭|阻挡|遏制|抑制|消除|杀毒|除菌|杀病毒),阿里健康,https://mdeer.taobao.com/guide/h5/science/article/167750
80391,2020-01-28,wish,病毒只通过呼吸道传播,该消息已被辟谣。冠状病毒除了通过飞沫或气溶胶传播外，还可通过接触传播。病毒附着在门把手、桌子等表面上，用手摸这些地方后再接触口、鼻或眼睛等部位时，就有导致感染的可能。因此，在世界卫生组织和中国疾控等权威推荐中，洗手比戴口罩还要更加优先。,只通过呼吸道+(传播|传染|感染),阿里健康,https://mdeer.taobao.com/guide/h5/science/article/167750
80401,2020-01-28,wish,95%的酒精比75%的酒精消毒效果更好,并不是浓度越高的酒精消毒效果越好。对于细菌...,95%酒精更好,腾讯旗下专业医学科普平台,https://vp.fact.qq.com/article?id=65b017b6e4bdf505116062c0c3bdebfb
80403,2020-01-28,wish,吃药能预防冠状病毒,该消息已被辟谣。提前用药预防病毒感染都不可靠，板蓝根、维生素C（不管是药片、胶囊还是泡腾片）、抗病毒药（如预防流感的奥司他韦）、抗生素（比如阿莫西林或头孢）、干扰素、丙种球蛋白等预防手段目前都没有充足证据支持，在既往的冠状病毒流行中也没有体现出明显预防效果。中国疾控、香港卫生署、世界卫生组织和美国CDC等权威机构均未推荐任何药物作为常规预防手段。,吃药+预防,阿里健康,https://mdeer.taobao.com/guide/h5/science/article/167967
80406,2020-01-28,dread,海鲜会传染新型冠状病毒,海鲜不会传染新型冠状病毒。尽管此次疾病的起源是武汉的一个海鲜市场...,(家畜|家禽|海鲜)+(传染|感染|传播|风险),腾讯旗下专业医学科普平台,https://vp.fact.qq.com/article?id=8c30841fe2230ced37fa194293d41704
80425,2020-01-28,wish,谣言：广东省中医院研制出了预防肺炎的药方,网络流传所谓“广东省中医院预防武汉肺炎方”。”相关现状：目前，医院专家已经按照上级部门安排，正在讨论中医药防治「2019新型冠状病毒 」感染的方案。,中医院+预防,头条辟谣,http://toutiao.com/group/6786912501595374091/
80460,2020-01-28,wish,用高浓度白酒喷洒房间可以预防新型冠状病毒,在家中喷洒医用酒精可以杀灭家中存在的细菌与一些病毒（比如新型冠状病...,白酒+喷洒+(预防|防病毒|防护|防感染|抗病毒|防肺炎|对抗|抵抗|杀死|抵御|消灭|阻挡|遏制|抑制|消除|杀毒|除菌|杀病毒),美国普渡大学农业与生物系食品工程专业博士,https://vp.fact.qq.com/article?id=f2ce5e7b2518367879db349d0cb86871
80461,2020-01-28,dread,专家辟谣：病毒通过纸币传播可能性低,抱歉，由于作者设置，你暂时没有这条微博的查看权限哦。查看帮助： 网页链接,(人民币|现金|纸币|压岁钱)+(传染|感染|传播|风险),微博辟谣,https://www.weibo.com/1866405545/IrDciddzg
80465,2020-01-28,wish,谣言：吸烟可以阻挡病毒进入肺细胞,鉴定结果：谣言权威解读：烟草燃烧多数为不完全燃烧，会产生很多有毒有害气体，包括一氧化碳、二氧化硫等，香烟还含有尼古丁的成分，经过燃烧后，不但对身体没有任何好处，而且还有致癌的风险。,(香烟|吸烟|抽烟|烟草)+阻挡病毒,头条辟谣,http://toutiao.com/group/6786908319551324684/
80466,2020-01-28,wish,谣言：全身喷洒酒精可起到消毒效果,全身喷洒酒精可起到消毒效果鉴定结果：谣言权威解读中国工程院院士李兰娟在接受浙江新闻客户端记者采访时表示，不能这样做，病毒对于外界抵抗力不强，75%的酒精就可以消毒，但这是对于有可能被污染的一些物体的消毒，并不是在家里针对人也要这样消毒。,全身喷洒酒精,头条辟谣,http://toutiao.com/group/6786922882485191180/
80481,2020-01-29,dread,谣言:明后两天是疫情爆发期 能不出门就不出门,,(暴发|爆发)+出门,科学辟谣,https://piyao.kepuchina.cn/h5/rumordetail?id=Zwjw
80483,2020-01-29,wish,谣言：同济大学博导提醒，在家把暖气空调打开,同济应急小组组长博导建议，大家呆在家里不要出门，不要过早服用抗病毒，或使用调节免疫功能药物，最最关键的是把家里暖气空调都打开。,暖气+打开,头条辟谣,http://toutiao.com/group/6787301204281000462/
80485,2020-01-29,wish,白藜芦醇可以治疗预防新型冠状病毒,白藜芦醇是一种植物提取物，在细胞实验中展示了比较强的抗氧化能力...,白藜芦醇+(防治|杀灭|预防|治疗|防病毒|防感染|抗病毒|防肺炎|对抗|抵抗|杀死|抵御|消灭|阻挡|遏制|抑制|消除|杀毒|除菌|杀病毒),美国普渡大学农业与生物系食品工程专业博士,https://vp.fact.qq.com/article?id=14df1407153d2e462173a359c149e4cc
80486,2020-01-29,dread,普通人戴口罩必须一次一换,该消息已被辟谣。据央视新闻微博，中国疾控中心副主任冯子建表示，医务人员对口罩使用时间有严格规定，但公众戴口罩，不必用一次换一次，可根据清洁程度使用更长时间。,普通人+一次一换+口罩,阿里健康,https://mdeer.taobao.com/guide/h5/science/article/168684
80488,2020-01-29,wish,有争议：抗艾药物能治疗新型冠状病毒,李太生告诉《凤凰周刊》，国内外利用克力芝等抗艾滋药物治疗SARS、MERS等冠状病毒感染，早有先例，但尚无循证医学证据支持该药对冠状病毒有效，此次被写入国家治疗方案，仅是没有办法的办法。,抗艾+(预防|治疗|防病毒|防感染|抗病毒|防肺炎|对抗|抵抗|杀死|抵御|消灭|阻挡|遏制|抑制|消除|杀毒|除菌|杀病毒),头条辟谣,http://toutiao.com/group/6786941498190463502/
80491,2020-01-29,dread,不要穿毛衣或带毛领、绒线的衣服外套，容易吸附病毒,不论什么质地的衣服，都会被新型冠状病毒沾染...,(毛衣|毛领|绒线)+病毒,腾讯旗下专业医学科普平台,https://vp.fact.qq.com/article?id=bc73c00c165b830aa780e8ada6658fb9
80511,2020-01-29,wish,呼吸与危重症专家：病毒在衣服上存活的时间很短,】呼吸与危重症专家：病毒在衣服上存活的时间很短，短的几分钟，长的几个小时。一般越光滑的地方，病毒越容易存活。病毒在毛织品上存活时间相对要短，在空气中、在飞沫中存活的时间更长。毛质衣物上，如果没有近距离接触，病毒存活可能性很小。 央视新闻的微博视频,(衣服|衣物)+存活+病毒,微博辟谣,https://www.weibo.com/1866405545/IrKAN9NjT
80519,2020-01-29,wish,咳嗽药水“沐舒坦”能治疗新冠肺炎,据媒体报道，中国科学家通过人工智能药靶筛选...,沐舒坦+(预防|治疗|防病毒|防感染|抗病毒|防肺炎|对抗|抵抗|杀死|抵御|消灭|阻挡|遏制|抑制|消除|杀毒|除菌|杀病毒),药理学硕士，知贝儿科药师,https://vp.fact.qq.com/article?id=8e01f3e6fd441b3d2408a94986c1cca3
80533,2020-01-29,wish,婴儿不会感染新型冠状病毒,该消息已被辟谣。据央视新闻报道，1月26日18时至21时，北京新增5例新型冠状病毒感染的肺炎病例，其中有一名9个月大女婴，为首个确诊的婴儿感染者。此后，安徽也有婴儿被感染的报道。,婴儿+(不会|不易)+(感染|传染),央视新闻,https://mdeer.taobao.com/guide/h5/science/article/167969
80548,2020-01-29,wish,谣言：提升免疫力可以防肺炎,通俗地讲，就是一个巡逻兵发现了敌军，他就放了个信号弹，看到信号弹的友军有10人，他们一边赶去支援，一边分别通知了自己的上级，上级立即召集了1000人赶往现场，同时又给更高级的指挥部打电话，指挥部派了十万援军前来歼敌…,(提升|提高)+(免疫力|抵抗力)+(防|预防),头条辟谣,http://toutiao.com/group/6786949393137271299/
80559,2020-01-29,wish,谣言：在人中涂风油精可以预防呼吸道疾病,鉴定结果：谣言权威解读：浙江医院中医科主任杨敏春主任中医师说，风油精涂在人中穴预防流感的消息，她也看到了，但这样的说法没有依据。,风油精+(预防|治疗|防病毒|防感染|抗病毒|防肺炎|对抗|抵抗|杀死|抵御|消灭|阻挡|遏制|抑制|消除|杀毒|除菌|杀病毒),头条辟谣,http://toutiao.com/group/6786957863500644872/
80576,2020-01-30,dread,武汉第九医院：疫情期间，不能外出散步，小心被传染,长江网记者联系到武汉市第九医院院长刘明瑜，他说：“这是谣言...,散步+(传染|感染),腾讯旗下专业医学科普平台,https://vp.fact.qq.com/article?id=64c173d95bb41b63732f0c1f62198f64
80579,2020-01-30,dread,谣言：预防新型冠状病毒传播，不能开窗通风,预防新型冠状病毒传播，最好在家里要关闭门窗，因为病毒可以通过空气传播。在空气中打喷嚏产生了很多飞沫，通过飞沫里面的病毒进入到人体内，呼吸进去以后，可以产生传染。,(关闭|关上|不能)+(门窗|窗户|窗)+(预防|防病毒|防感染|抗病毒|防肺炎|对抗|抵抗|杀死|抵御|消灭|阻挡|遏制|抑制|消除|杀毒|除菌|杀病毒),头条辟谣,http://toutiao.com/group/6787652452737876483/
80637,2020-01-30,wish,谣言:新型冠状病毒肺炎不会传染儿童,,(小孩|婴儿|儿童)+不会+(感染|传染|传播),科学辟谣,https://piyao.kepuchina.cn/h5/rumordetail?id=preZ
80639,2020-01-30,dread,新型冠状病毒会通过血液传播,目前尚无证据支持新型冠状病毒会通过血液传播...,血液+(传染|传播),腾讯旗下专业医学科普平台,https://vp.fact.qq.com/article?id=f1856084c1d044bf649a895cbe9ce7a0
80641,2020-01-30,wish,万金油可以预防病毒,万金油的挥发性成分是一些精油小分子，要想预防病毒...,万金油+预防,美国普渡大学农业与生物系食品工程专业博士,https://vp.fact.qq.com/article?id=10b24fc88d975365e57aa37acfae583f
80645,2020-01-30,wish,用棉布、保鲜膜、纱布自制口罩，可预防新冠病毒感染,如果把保鲜膜覆盖在食物上，在微波炉里加热...,自制+(保鲜膜|保鲜袋)+口罩,宾夕法尼亚大学医学院病理及实验医药系研究副教授,https://vp.fact.qq.com/article?id=7b89f7bc0981adeedea2ac84a56306b3
80646,2020-01-30,wish,花露水酒精含量70-75%，能有效预防新冠病毒,酒精对新型冠状病毒的消毒是有效的，但是需要达到75%的浓度才行...,花露水+预防,药理学硕士，知贝儿科药师,https://vp.fact.qq.com/article?id=ab53757847cd4eea61cac64d30b422d4
80648,2020-01-30,wish,口罩水蒸过晒干、喷酒精、紫外线灯照射后可以再用,医用口罩的防护作用主要在其中的过滤层...,(蒸|喷酒精|紫外线)+口罩,广东省梅州市人民医院呼吸科主治医师,https://vp.fact.qq.com/article?id=69b4c13eb8b5f78b0b843da4fe5d9ea5
80650,2020-01-30,wish,玉屏风颗粒对新型肺炎有效,疗效尚待验证。1月24日...,玉屏风+(预防|治疗|防病毒|防感染|抗病毒|防肺炎|对抗|抵抗|杀死|抵御|消灭|阻挡|遏制|抑制|消除|杀毒|除菌|杀病毒),腾讯旗下专业医学科普平台,https://vp.fact.qq.com/article?id=0acefc9a0799e80f222cbf8ff67d6f0d
80672,2020-01-31,wish,用过的口罩放到消毒柜里消毒，可以继续防护新型肺炎,根据国家标准，一星级消毒柜消毒210分钟可以灭活甲型流感病毒...,消毒柜+口罩,卓正医疗皮肤科医生,https://vp.fact.qq.com/article?id=965c67571d6fa3080a10c7e7c7d2eadd
80686,2020-01-31,dread,别吃鱼肉，特别是草鱼做的酸菜鱼水煮鱼，会感染病毒,这是条老谣言了，早在2016年就开始传播...,(吃|别吃)+鱼塘+(传染|感染|传播|粪口),腾讯新闻旗下专业事实查证平台,https://vp.fact.qq.com/article?id=60390b3f4a5e1f8b253a0c575124b392
80696,2020-01-31,wish,喝茶可以预防新型冠状病毒,喝茶的作用就是：补充水分，让你愉快地呆在家里...,(喝|多喝)+茶+(防控|预防|治疗|防病毒|防感染|抗病毒|防肺炎|对抗|抵抗|杀死|抵御|消灭|阻挡|遏制|抑制|消除|杀毒|除菌|杀病毒),美国普渡大学农业与生物系食品工程专业博士,https://vp.fact.qq.com/article?id=91bea4d0ea59f6baf13d08cc96e65bd2
80705,2020-01-31,wish,谣言：用了7天的N95口罩用吹风机吹或酒精消毒可继续用,N95口罩用7天后不要丢，用大功率吹风机吹30分钟，或者有酒精的喷一下消毒后继续用。鉴定结果：谣言权威解读：N95口罩的使用，美国疾控中心发布了一个文件，指出在特殊情况下，可以在严格规范下“延长使用期限”以及“有限重复使用”。,吹风机+(7天|七天)+口罩,头条辟谣,http://toutiao.com/group/6787665808240673283/
80723,2020-01-31,wish,新型肺炎治愈后不会再感染,该消息已被辟谣。国家卫健委新闻发布会上，中日友好医院呼吸与危重症医学科詹庆元主任介绍，从一般的病毒感染规律来看，感染后都会产生抗体，但有的抗体持续时间可能不长。但痊愈的患者还是有可能再感染的风险，因此治愈患者也应该加强防护。,(治愈|痊愈|治好)+不会再+(传染|感染|传播|风险),央视新闻,https://mdeer.taobao.com/guide/h5/science/article/169552
80727,2020-01-31,wish,用浴霸灯照射半小时可以去除病毒,新型冠状病毒对热敏感，56°C 30 分钟即可有效灭活病毒[1]...,浴霸+(消毒|去除),腾讯旗下专业医学科普平台,https://vp.fact.qq.com/article?id=355c88481eb1b4fc714eef8bf5dc1ca5
80729,2020-01-31,wish,吃阿奇霉素片可以预防新型冠状病毒,抗生素针对的是细菌感染，对病毒很可能效果不佳...,阿奇霉素+(预防|治疗|防病毒|防感染|抗病毒|防肺炎|对抗|抵抗|杀死|抵御|消灭|阻挡|遏制|抑制|消除|杀毒|除菌|杀病毒),腾讯医典,https://vp.fact.qq.com/article?id=b207427961470944aa4dd88a1f2cf9f7
80730,2020-01-31,wish,特殊时期多喝陈皮水，陈皮能预防和治疗新型冠状病毒,传言中陈皮里面的柠檬烯的抗感染抗新型冠状病毒作用...,陈皮水+(预防|治疗|防病毒|防感染|抗病毒|防肺炎|对抗|抵抗|杀死|抵御|消灭|阻挡|遏制|抑制|消除|杀毒|除菌|杀病毒),药理学硕士，知贝儿科药师,https://vp.fact.qq.com/article?id=a19a219043990b53c143748c3ca31140
80731,2020-01-31,dread,吃糖会降低身体免疫力，导致易感染病毒,目前没有明确的临床研究证实吃糖与新型冠状病毒感染发病之间的关系...,(糖|吃糖|甜食)+降低免疫力+(新冠|新型冠状|肺炎),腾讯旗下专业医学科普平台,https://vp.fact.qq.com/article?id=6cb943c1541220df421126f3b25376e7
80749,2020-02-01,wish,童子尿可以预防新型冠状病毒,目前查不到任何童子尿与新型冠状病毒相关的研究数据。从尿液成分..., 童子尿+(预防|防病毒|防感染|抗病毒|防肺炎|对抗|抵抗|杀死|抵御|消灭|阻挡|遏制|抑制|消除|杀毒|除菌|杀病毒),腾讯旗下专业医学科普平台,https://vp.fact.qq.com/article?id=536900372bdb3ffaab431686a1735fd0
80752,2020-02-01,wish,金银花和绿茶能防控新冠病毒感染,从新闻报道提供的信息来看...,(金银花|绿茶)+(防控|预防|治疗|防病毒|防感染|抗病毒|防肺炎|对抗|抵抗|杀死|抵御|消灭|阻挡|遏制|抑制|消除|杀毒|除菌|杀病毒),美国普渡大学农业与生物系食品工程专业博士,https://vp.fact.qq.com/article?id=a69823ee9fc67b039cc6de08486f890e
80753,2020-02-01,wish,remdesivir可治疗新型冠状病毒肺炎,Remdesivir（瑞德西韦）是Gilead研制的一个实验性药物...,瑞德西韦+治疗,宾夕法尼亚大学医学院病理及实验医药系研究副教授,https://vp.fact.qq.com/article?id=338c0e8ea65995381677c6c827e3523d
80770,2020-02-01,wish,戴过的口罩放进烤箱，60℃烤30分钟，可以反复用,首先，对于医用外科口罩...,烤箱+口罩,卓正医疗皮肤科医生,https://vp.fact.qq.com/article?id=f75e7f46809608ef31ee1507d308bede
80793,2020-02-01,wish,藿香正气药物可治疗新型冠状病毒肺炎,尚无明确证据证明藿香正气药物可治疗新型冠状病毒肺炎...,藿香正气+(预防|治疗|防病毒|防感染|抗病毒|防肺炎|对抗|抵抗|杀死|抵御|消灭|阻挡|遏制|抑制|消除|杀毒|除菌|杀病毒),腾讯旗下专业医学科普平台,https://vp.fact.qq.com/article?id=13a93b6402f92b802d978b648ba875b7
80840,2020-02-02,dread,新型病毒可通过粪-口传播,有待进一步证实。针对近日在确诊患者粪便中检测到新型冠状病毒，中国疾控中心传染病处研究员冯录召2日在国家卫健委发布会上回应，这说明病毒可以在消化道存在，但是否通过粪-口传播，还是通过含有病毒的飞沫形成气溶胶的方式再传播，需要我们进一步证实。但是专家同时提醒，应注意消化系统传播新型冠状病毒风险，做好相关防护。,粪口+传播,人民日报,https://mdeer.taobao.com/guide/h5/science/article/170152
80849,2020-02-02,wish,谣言：喝60°C的水可以杀死病毒,喝60°C的水可以杀死病毒。其次，新型冠状病毒感染的是呼吸道而不是消化道，喝高温水不仅无用，而且可能对食道造成损伤。,(喝|饮)+(60|六十)+(摄氏度|度|℃)+水,头条辟谣,http://toutiao.com/group/6788732811516838407/
80850,2020-02-02,wish,谣言：德国雾化手段治愈新冠肺炎,“涉及德国境内病例的唯一最新消息是，病毒感染者有可能在自身无症状的情况下传播病毒给他人。但除此之外并无其它新进展，更无新药！所以上述内容可以判定为彻头彻尾的谣言。”,雾化+(治疗|治愈),头条辟谣,http://toutiao.com/group/6788453216255214092/
80858,2020-02-02,wish,谣言:双黄连口服液可预防新型冠状病毒,,双黄连+预防,科学辟谣,https://piyao.kepuchina.cn/h5/rumordetail?id=OrWx
80867,2020-02-02,dread,谣言:病毒可悬浮一天,,(悬浮|漂浮)+(一天|一整天),科学辟谣,https://piyao.kepuchina.cn/h5/rumordetail?id=LgaM
80869,2020-02-02,wish,有争议：天气转暖后病毒会消失,李岩教授表示，“我听说过这种说法，说气温升高新型冠状病毒会自行消失，其实这是根据当年SARS病情发展的一种预估，新型冠状病毒被发现还不到一个月，针对此病毒的研究刚刚开展，病毒会不会因为气温升高失去活性，科学上还没有结论。”,(天气|气候)+消失,头条辟谣,http://toutiao.com/group/6788724200111604228/
80870,2020-02-02,dread,24℃下，新型冠状病毒在痰尿等物体上能存活好几天,新型冠状病毒在不同温度和物体的存活数据尚不明确...,(24|二十四)+(度|摄氏度|℃)+病毒+存活,腾讯旗下专业医学科普平台,https://vp.fact.qq.com/article?id=6eda95bd51b6eeff57e74f06f37ea012
80872,2020-02-02,wish,谣言：“清水祖师‘乩童’派药方”可防治新型肺炎,2月1日，在安溪乃至其他地方突然盛传：蓬莱清水岩清水祖师“乩童”派药方，可以防治新型肺炎鉴定结果：谣言官方辟谣图片权威解读：安溪清水岩寺严正声明：清水祖师“乩童”派药方纯属谣传，敬请广大民众不要轻信！,乩童+防治,头条辟谣,http://toutiao.com/group/6788701924498604548/
80874,2020-02-02,wish,乳酸菌素片可以治疗新型冠状病毒肺炎,乳酸菌素的作用类似于酸奶，对于肠道菌群可能有一定作用...,乳酸菌素+治疗,美国普渡大学农业与生物系食品工程专业博士,https://vp.fact.qq.com/article?id=5170a765052127db8cd8950db9c2a48d
80881,2020-02-02,dread,辟谣侠盟丨收外卖快递会感染？20个关于新型冠状病毒的真相,收外卖快递会感染？洗热水澡能杀死新型冠状病毒吗？消毒酒精浓度越高越好？20个关于新型冠状病毒的真相。,(外卖|快递)+(传染|感染|传播),0,https://moment.rednet.cn/content/2020/02/02/6672501.html
80898,2020-02-03,wish,市面上常见的X露XX士消毒液可以消灭新型冠状病毒,目前没有直接证据证明市面上常见的X露XX士家用消毒液可以灭活新型冠...,(滴露|佳洁士|舒肤佳)+(新冠|肺炎|新冠),卓正医疗全科医生,https://vp.fact.qq.com/article?id=589ae639eff5ee061d64bd1dd7ff85f2
80908,2020-02-03,dread,孕妇感染病毒需要流产,该消息已被辟谣。通过采取合理的措施可能阻断病毒母婴传播。国内已有确诊感染孕妇顺利产下女婴的报道。据央视新闻，1月30日，黑龙江哈尔滨1名孕38周+3的孕妇被确诊为新冠病毒感染病人。为确保母婴安全，医生为她实施剖宫产手术，顺利剖出1女婴，重6斤1两，母亲产后情况良好。新生儿分别于1月31日、2月2日两次采取标本进行核酸检测，结果均为阴性，状态良好。,流产+(怀孕|孕|孕妇)+(感染|传染),央视新闻,https://mdeer.taobao.com/guide/h5/science/article/170416
80909,2020-02-03,wish,李兰娟院士说谈恋爱可以预防新型冠状病毒肺炎,网传“人民日报微博发布消息...,谈恋爱+预防,杭州西湖之声广播电台,https://vp.fact.qq.com/article?id=9a1e91ec6c6e0a0eb9e7df2b644a4c7f
80922,2020-02-03,wish,再说一遍，网传口罩消毒“妙方”不靠谱！,【再说一遍，网传口罩消毒“妙方”不靠谱！】市场上N95（KN95）、医用外科等防病毒口罩依旧紧俏，于是网络上开始流传将使用过的口罩放到锅里蒸，放进水里煮，放在紫外灯下烤，喷上酒精消毒再晾干等重复利用的“妙方”。到底靠谱吗？无论是N95还是医用外科口罩，实现“防病毒”的手段都是依靠“过滤层”吸附、阻隔病毒等微颗粒（气溶胶），而过滤层主要由聚丙烯熔喷超细纤维构成。无论是“清蒸”还是“水煮”，水的进入会使过滤层中的电荷迅速消失，导致过滤效果大幅下降。聚丙烯熔喷材料纤维比头发丝细十几倍，不耐高温，温度大于80℃时就会收缩变形，导致结构破坏，防护效果降低。 口罩表面涂抹或喷上酒精呢？很难起到对口罩消毒的作用，同时破坏了口罩外层防水结构，用酒精处理过的口罩材料对水（血液、唾液）的吸收会增强，加速口罩过滤层失效。 病毒对紫外线敏感，用紫外灯、紫外消毒柜等对口罩消毒，实现再利用？不能。聚丙烯熔喷材料是一种热塑性高分子材料，耐老化性差，对紫外线非常敏感。经紫外线照射后，结构会发生破坏即氧化降解，使过滤性能大幅下降。 有没有方法实现口罩的消毒再利用呢？对普通人来说，没有。口罩生产过程中采取的消毒方式是环氧乙烷气体消毒，普通家庭无法实现。口罩在使用过程中不断吸收人体呼出的水蒸气，逐渐造成过滤层的电荷流失、吸附能力下降，即使进行消毒、晾干也无法恢复，再使用起不到很好的防护效果。在当前的疫情条件下，不应提倡对一次性防病毒口罩的消毒再利用。虽然医用外科口罩和医用N95口罩都是“一次性”的，除非是去医院、大型超市或接触疑似病人等高危场所，普通人并不需要用一次防护口罩就扔掉。,消毒妙方+口罩,微博辟谣,https://www.weibo.com/1866405545/IswNcFPRy
80955,2020-02-03,wish,有争议：泰国发现快速治疗新冠病毒方法,据泰国卫生部通报，泰国对一名感染新型冠状病毒病情严重的71岁中国患者混合使用两种抗病毒药物后，发现效果良好，患者的病情在48小时内显著改善。,泰国+(方案|方法|药方|办法|特效药)+(新冠|肺炎|新型冠状),头条辟谣,http://toutiao.com/group/6789198720110952963/
80995,2020-02-04,dread,03年香港淘大花园42人感染非典因下水道传播病毒,“下水道传播病毒”只是事后的一个猜测。这种可能性有，但是很小...,下水道+非典,宾夕法尼亚大学医学院病理及实验医药系研究副教授,https://vp.fact.qq.com/article?id=29be2c22e40852be113311a9fb82b77f
81006,2020-02-04,dread,世卫组织澄清新冠肺炎疫情谣言：病毒不会漂浮在空气中形成“病毒云”,【@世面 世面的秒拍视频,空气+病毒云,世面,https://www.weibo.com/1866405545/IsMgLgKoH
81017,2020-02-04,wish,病毒在体外存活不超过一天,该消息已被辟谣。国家卫生健康委专家组成员蒋荣猛表示，病毒从人体出来后会很快沉降，不会在空气中飘移。从这个意义讲，空气中不会有病毒。但病毒可能落在物体上，人可以通过手来接触到病毒。病毒在光滑的物体表面能存活数小时，温度湿度合适的环境能存活1天，有发现可达到5天。,体外存活+一天,央视新闻,https://mdeer.taobao.com/guide/h5/science/article/170459
81022,2020-02-04,dread,下水道有传染新型冠状病毒风险,新冠肺炎患者的粪便中确实查到了病毒核酸，但是病毒是否还有感染力...,下水道+(传染|传播),宾夕法尼亚大学医学院病理及实验医药系研究副教授,https://vp.fact.qq.com/article?id=482964cb2f75a048323dfbec8e3bad57
81037,2020-02-04,dread,消毒时，84消毒液与酒精不可混用，会产生氯气,84消毒液主要成分为次氯酸钠...,84+(消毒剂|消毒液)+酒精+(氯气|有害|有毒),清华大学化学博士,https://vp.fact.qq.com/article?id=482cc8be9c8f86c31f4d7789630cda5c
81044,2020-02-04,wish,洗热水澡预防新型冠状病毒？,,热水澡+(预防|治疗|防病毒|防感染|抗病毒|防肺炎|对抗|抵抗|杀死|抵御|消灭|阻挡|遏制|抑制|消除|杀毒|除菌|杀病毒),广州日报,http://www.piyao.org.cn/2020-02/04/c_1210461435.htm
81051,2020-02-04,dread,有争议：应用CT取代核酸检测,武汉大学中南医院影像科副主任张笑春教授在朋友圈发文，认为对新型冠状病毒的核酸检测往往一次不容易准确，需要两三次，耽误病情确诊。,CT+(替代|代替|取代|迷信)+核酸,头条辟谣,http://toutiao.com/group/6789416610542125579/
81071,2020-02-04,wish,蝙蝠最怕高温，请把喝的开水滚开的汽吸下去，能解毒,如果水蒸气的温度很高...,(蒸汽|蒸气|开水|烫水)+(吸入|吸)+(解毒|预防|治疗|防病毒|防感染|抗病毒|防肺炎|对抗|抵抗|杀死|抵御|消灭|阻挡|遏制|抑制|消除|杀毒|除菌|杀病毒),美国普渡大学农业与生物系食品工程专业博士,https://vp.fact.qq.com/article?id=d65c00e4ccbde89720ed87fd9a9ee41b
81072,2020-02-04,wish,高温能杀病毒，让病人发烧到39.6度以上就能痊愈,根据国家卫健委发布的《新型冠状病毒感染的肺炎诊疗方案（试行第四版）...,发烧+(39.6|40)+病毒,卓正医疗内科医生,https://vp.fact.qq.com/article?id=15e15199f6af07c3d48694d15cf48ace
81086,2020-02-04,wish,定期用生理盐水清洗鼻子可以预防新型冠状病毒,没有证据表明...,盐水+(鼻子|鼻腔|鼻窦|鼻|鼻道)+(杀灭|预防|治疗|防病毒|防感染|抗病毒|防肺炎|对抗|抵抗|杀死|抵御|消灭|阻挡|遏制|抑制|消除|杀毒|除菌|杀病毒),联合国系统内卫生问题的指导和协调机构,https://vp.fact.qq.com/article?id=4a412cc8d7d779ad09c5d24d29a4e596
81089,2020-02-05,wish,防溢乳垫贴在非医用一次性口罩上能过滤病毒,防溢乳垫贴的主要材质包括涤纶、拉绒棉、全面、无纺布、木浆棉等...,乳贴+口罩,腾讯旗下专业医学科普平台,https://vp.fact.qq.com/article?id=ff20cea8f85f7aadaea1b1eabdac7c4e
81104,2020-02-05,wish,75%的消毒酒精+风油精雾化可杀死体内新型冠狀病毒？“杀毒”方式不对而且有风险,【75%的消毒酒精+风油精雾化可杀死体内新型冠狀病毒？“杀毒”方式不对而且有风险】针对网友“用 ”的“自杀式”操作方法，武汉市第六医院急诊科主任章希称，刺激性太强，可能还没杀死病毒，本人就倒下了。可以用75%的酒精擦拭经常接触的生活用品，杀死可能附着在上面的病毒，而不是靠把它吸进去杀毒。,雾化+风油精+酒精,微博辟谣,https://www.weibo.com/1866405545/IsZu7nRcx
81112,2020-02-05,dread,雪会把漂浮在空中的新型冠状病毒带下来？别害怕,【雪会把漂浮在空中的新型冠状病毒带下来？别害怕】5日和6日，我国中东部雨雪降温显著。不少网民收到“不要玩雪，雪会把漂浮在空中的新型冠状病毒带下来”的温馨提醒。但这种说法是真的吗？实际上咳嗽和喷嚏的飞沫通常会在数分钟后落下，不会长时间漂浮在空气中。不用担心雪会把空气中漂浮的病毒带下来。不过不管玩不玩雪，同样需要注意手部卫生。玩耍时避免手接触口眼鼻，玩耍后要洗手。,雪+带下来,微博辟谣,https://www.weibo.com/1866405545/IsQw3FEDm
81117,2020-02-05,wish,谣言：嚼槟榔可抗新冠病毒,鉴定结果：谣言权威解读：2月3日，北京中医药大学教授屈会化接受新京报记者采访时表示，临床试验证明，槟榔提取物有一定的抗病毒作用，但是《新型冠状病毒感染的肺炎诊疗方案》中含槟榔的两个处方是专家根据目前新冠肺炎两个证候分型而言，每一个处方都是一个整体，并不表明槟榔有单独效果，仅仅是处,槟榔+(新冠|冠状|新型冠状|肺炎|病毒),头条辟谣,http://toutiao.com/group/6789854445606797832/
81122,2020-02-05,wish,适量饮酒可以抵抗新型冠状病毒,把“适量饮酒”写入防疫建议，是没有任何依据的想当然...,适量+(饮酒|喝酒)+(预防|防病毒|防护|防感染|抗病毒|防肺炎|对抗|抵抗|杀死|抵御|消灭|阻挡|遏制|抑制|消除|杀毒|除菌|杀病毒),美国普渡大学农业与生物系食品工程专业博士,https://vp.fact.qq.com/article?id=cb9d7a0c4a284758b2122698bf7836c1
81124,2020-02-05,wish,已有确切抗病毒药物被发现,目前尚没有确认有效的药物。2月5日，卫健委发布最新《新型冠状病毒感染的肺炎诊疗方案（试行第五版）》，在该方案中，明确增加“目前没有确认有效的抗病毒治疗方法”的描述。,抗病毒药物+(已经|已有|已经有),央视新闻,https://mdeer.taobao.com/guide/h5/science/article/170840
81125,2020-02-05,wish,预防肺炎的疫苗能防止新型冠状病毒感染,肺炎球菌疫苗和乙型流感嗜血杆菌疫苗等肺炎疫苗不能预防新型冠状病毒肺...,普通肺炎疫苗+(易感|不容易|不易|预防|治疗|防病毒|防感染|抗病毒|防肺炎|对抗|抵抗|杀死|抵御|消灭|阻挡|遏制|抑制|消除|杀毒|除菌|杀病毒)+(新冠|肺炎|新型冠状),联合国系统内卫生问题的指导和协调机构,https://vp.fact.qq.com/article?id=b4983676dce077f2ad05cec14f5ce986
81135,2020-02-05,wish,谣言：烟花产生的烟雾能抑制新冠病毒,鉴定结果：谣言权威解读：世界卫生组织已经向负责通讯和社交媒体事务的团队委派任务，要求他们清理有关新型冠状病毒的错误信息，包括烟花产生的烟雾能够杀死病原体的谣言。,烟雾+抑制,头条辟谣,http://toutiao.com/group/6789829160706507268/
81139,2020-02-05,dread,谣言：新型冠状病毒可悬浮一天,鉴定结果：谣言权威解读：科学辟谣：病毒是不会脱离某个载体独立飘散的，某些人想象空气中弥漫着病毒，这是不存在的。,悬浮一天,头条辟谣,http://toutiao.com/group/6789865445995315720/
81144,2020-02-05,wish,谣言：口罩接水不渗水，就能抵抗新型冠状病毒肺炎,有人称，在使用口罩之前，可以先将口罩接水，观察是否渗水，来判断是否能抵抗新型冠状病毒。A：目前推荐的能够防护新型冠状病毒的口罩总共有四种，分别是一次性使用医用口罩，医用外科口罩，KN95/N95及以上颗粒物防护口罩和医用防护口罩。,接水+口罩,头条辟谣,http://toutiao.com/group/6789874282227827212/
81177,2020-02-05,dread,新风系统会传播病毒，导致感染新型冠状病毒肺炎,在室内当感染者打喷嚏、说话或咳嗽时...,新风系统+(传染|感染|传播),卓正医疗皮肤科医生,https://vp.fact.qq.com/article?id=3f7766a2e99254d43e96f43479d7892b
81235,2020-02-06,dread,辟谣侠盟丨用水要提前放出并静置两小时？纯属谣言！,“用水要提前放出并静置两小时纯属谣言！”疫情期间，长沙水业集团是如何保障自来水水质的？,(水|用水|自来水|饮用水)+静置,岳瑾 戴丹 张萍,https://moment.rednet.cn/content/2020/02/06/6694073.html
81247,2020-02-06,wish,卫生巾作口罩用，或将卫生巾贴在口罩外可以防病毒,防菌卫生巾和护垫主要针对的是大肠杆菌和金黄色葡萄球菌...,卫生巾+口罩,腾讯旗下专业医学科普平台,https://vp.fact.qq.com/article?id=482e5875db10a9dc83a9e75f212a25fe
81250,2020-02-06,dread,尚无定论：新冠肺炎可通过母婴传播,武汉儿童医院确诊两例新生儿新型冠状病毒肺炎病例。最小的确诊宝宝出生仅30小时，该新生儿母亲为新型冠状病毒肺炎确诊患者，目前该新生儿生命体征稳定。,母婴+(传染|感染|传播),头条辟谣,http://toutiao.com/group/6790196739958637060/
81257,2020-02-06,wish,没有症状的人不会传播病毒,该消息已被辟谣。据最新公布的《新型冠状病毒感染的肺炎诊疗方案（试行第五版）》，目前所见传染源主要是新型冠状病毒感染的患者，但无症状感染者也可能成为传染源。,没有症状+(传染|感染|传播|风险),人民日报,https://mdeer.taobao.com/guide/h5/science/article/170826
81271,2020-02-06,wish,【易误解】武汉肺炎中医姜教授公开药方能预防治疗？没有根据,由于武汉肺炎的状况，网路流传许多不明药方说可以预防，近期 LINE 传「生黄芪9克，北沙参9克，知母9克，连翘12克，苍_9克，桔梗6克」这个中医姜教授开的方子。事实上这是没有根据,药方+预防,MyGoPen,https://tw.news.yahoo.com/%E6%98%93%E8%AA%A4%E8%A7%A3-%E6%AD%A6%E6%BC%A2%E8%82%BA%E7%82%8E%E4%B8%AD%E9%86%AB%E5%A7%9C%E6%95%99%E6%8E%88%E5%85%AC%E9%96%8B%E8%97%A5%E6%96%B9%E8%83%BD%E9%A0%90%E9%98%B2%E6%B2%BB%E7%99%82-%E6%B2%92%E6%9C%89%E6%A0%B9%E6%93%9A-034220869.html
81293,2020-02-06,dread,吸入病毒携带者的二手烟可能会感染新型冠状病毒,新型冠状病毒会通过飞沫进行传播，国内外权威机构建议...,二手烟+(传播|传染|感染),谢望时,https://vp.fact.qq.com/article?id=8a61043246e93c3fd8b979e208af3e10
81298,2020-02-06,dread,未戴口罩15秒即可被传染,该结论尚不明确。中国疾控中心新型冠状病毒疫情防控技术组副组长冯录召表示，上述病例的传播链尚待确证。“由于部分轻症患者不易辨别，在这种情况下，不排除患者是与尚在排毒期的其他轻症患者接触后染病的。”冯录召呼吁，公众不必过度恐慌。当前，做好佩戴口罩、勤洗手等个人防护措施非常重要。,(15秒|十五秒)+(没戴|未戴|戴)+口罩,健康报,https://mdeer.taobao.com/guide/h5/science/article/171215
81310,2020-02-06,wish,2月6日新型肺炎疫情辟谣盘点：煮九个鸡蛋吃能防新冠病毒？,谣言一：下雪或能冻死新冠病毒谣言：下雪了，病毒很快就死。呼和浩特市公交总公司表示起火原因是因为2月4日14时许，一台车辆高压电池自燃，引发了5台停放车辆起火严重损毁，另有3台轻微受损，无人员伤亡，与网传消息完全不符。,吃鸡蛋+(预防|治疗|防病毒|防感染|抗病毒|防肺炎|对抗|抵抗|杀死|抵御|消灭|阻挡|遏制|抑制|消除|杀毒|除菌|杀病毒|抗疫情),头条辟谣,http://toutiao.com/group/6790315906594505219/
81312,2020-02-06,wish,【易误解】喝红茶与普洱茶TF3抗冠状病毒？待_清勿传不明偏方,最近 LINE 流传一篇论文，是日本生化博士的 po 文，描述「红茶与普洱茶，抗冠状病毒」、「红茶跟普洱所含的茶黄素（TF3），不仅形成红茶深邃的颜色，也能够阻止冠状病毒的复制」这,(多喝|喝)+(红茶|普洱茶)+(预防|治疗|防病毒|防感染|抗病毒|防肺炎|对抗|抵抗|杀死|抵御|消灭|阻挡|遏制|抑制|消除|杀毒|除菌|杀病毒),MyGoPen,https://tw.news.yahoo.com/%E6%98%93%E8%AA%A4%E8%A7%A3-%E5%96%9D%E7%B4%85%E8%8C%B6%E8%88%87%E6%99%AE%E6%B4%B1%E8%8C%B6tf3%E6%8A%97%E5%86%A0%E7%8B%80%E7%97%85%E6%AF%92-%E5%BE%85%E9%87%90%E6%B8%85%E5%8B%BF%E5%82%B3%E4%B8%8D%E6%98%8E%E5%81%8F%E6%96%B9-040018529.html
81326,2020-02-07,wish,季铵盐类消毒剂苯扎氯铵(洁尔灭）能灭活新冠病毒,目前已知的信息是...,(洁尔阴|洁尔灭)+(灭活|预防|治疗|防病毒|防感染|抗病毒|防肺炎|对抗|抵抗|杀死|抵御|消灭|阻挡|遏制|抑制|消除|杀毒|除菌|杀病毒),化学博士，瑞士联邦理工博士后研究员,https://vp.fact.qq.com/article?id=29c73b50af666f63a2c8b7d5eba8c8ba
81332,2020-02-07,dread,谣言：已治愈的新冠状病毒肺炎患者依旧具有传染性,鉴定结果：谣言权威解读：国家卫生健康委专家组成员，东南大学附属中大医院副院长邱海波表示，从目前的研究和临床经验来看，治愈出院的病人体内不带病毒，并且自身产生了抗体，因此，不具有传染性。,(治愈|痊愈)+(还|还有|依旧|依然)+传染性,头条辟谣,http://toutiao.com/group/6790609213379838475/
81337,2020-02-07,wish,口罩嘴巴处垫一张对折纸巾，可以延迟口罩的使用时间,普通人用的口罩一般分为三层...,对折纸巾+(垫|放)+口罩,药理学硕士，知贝儿科药师,https://vp.fact.qq.com/article?id=1600451c860ee00a724ad15016403a31
81340,2020-02-07,wish,“猪场同款”消毒通道，可以有效预防新型冠状病毒,此类消毒通道在养殖场很常见...,消毒通道+(预防|治疗|防病毒|防感染|抗病毒|防肺炎|对抗|抵抗|杀死|抵御|消灭|阻挡|遏制|抑制|消除|杀毒|除菌|杀病毒),美国普渡大学农业与生物系食品工程专业博士,https://vp.fact.qq.com/article?id=1ee7b3771ebe7d26307f270f0bbdccd8
81341,2020-02-07,wish,电吹风强档对面罩、面部和手部吹30秒就能消毒,不能！家用电吹风的一般有可选择冷风、自然风，暖风和热风，其中...,(吹风机|吹风筒|风筒|电吹风)+消毒,腾讯旗下专业医学科普平台,https://vp.fact.qq.com/article?id=b71527c20139d67620ce39d06d1d6c36
81345,2020-02-07,wish,谣言：口罩的嘴巴处垫一张对折的纸，能增加使用寿命,关于口罩的困惑，看这一篇就够了拓展阅读：国务院日前印发了：《不同人群预防新型冠状病毒感染口罩选择和使用技术指引》其中，对于在保证公众健康的前提下，如何适当延长口罩的使用，《指引》提出了如下建议：1、如需再次使用的口罩，可悬挂在洁净、干燥通风处，或将其放置在清洁、透气的纸袋中。,垫纸+口罩+(重复|寿命),头条辟谣,http://toutiao.com/group/6790617018153304584/
81346,2020-02-07,wish,二氧化氯稀释后放进加湿器，可以有效预防新冠肺炎,二氧化氯是一种很好的消毒剂，对于细菌和病毒都有良好的杀灭效果...,二氧化氯+加湿器,美国普渡大学农业与生物系食品工程专业博士,https://vp.fact.qq.com/article?id=b6d96d6ca8e2174e3b1656b5a35f1435
81361,2020-02-07,wish,南丹一婴儿出生就能说话？吃红鸡蛋能抗疫情！,发布了头条文章：《网警辟谣：南丹一婴儿出生就能说话？吃红鸡蛋能抗疫情！！！》 @微博辟谣  网警辟谣：南丹一婴儿出生就能说话？吃红鸡蛋能抗疫情！！！,红鸡蛋+(预防|治疗|防病毒|防感染|抗病毒|防肺炎|对抗|抵抗|杀死|抵御|消灭|阻挡|遏制|抑制|消除|杀毒|除菌|杀病毒|抗疫情),微博辟谣,https://www.weibo.com/1866405545/It9gPbOjB
81397,2020-02-07,dread,吃水果蔬菜会感染新型冠状病毒,通过果蔬传染新冠病毒...,(水果|蔬菜)+(感染|传染)+病毒,美国普渡大学农业与生物系食品工程专业博士,https://vp.fact.qq.com/article?id=4ad1fbbe674c7683272bcc17de72db07
81412,2020-02-07,dread,谣言：新型冠状病肺炎患者都是重症患者,每天都有大量新型冠状病毒肺炎患者死掉的消息流出，这说明这个病了不得，被感染就会成为重症患者，甚至死掉。大家不要因为发布会主要谈的重症患者救治，就认为患者当中都是重症，产生恐慌或恐惧。,都是重症,头条辟谣,http://toutiao.com/group/6790628497506173444/
81413,2020-02-07,dread,尚无定论：新冠状病毒可通过气溶胶和消化道传播,对此，国家医疗专家组成员、北京地坛医院感染性疾病诊疗与研究中心首席专家李兴旺表示，气溶胶的传播在呼吸道传染病中是可以看到的，但是对于新型冠状病毒有没有气溶胶传播的情况，目前是不明确的。,(消化道|气溶胶)+传播,头条辟谣,http://toutiao.com/group/6790575916369052164/
81454,2020-02-08,wish,谣言：抑菌型卫生巾可预防新型冠状病毒,近日网络上有传言“杀菌型卫生巾可预防病毒”，没有买到口罩可以用卫生巾代替，效果是一样的。鉴定结果：谣言权威解读：抑菌卫生巾瑞乐丝官方回应指出：卫生巾针对于私处抑菌研制而成，可以有效抑制白色念球菌、大肠杆菌、金黄色葡萄球菌，对于私处有健康保护作用。,(抑菌型|杀菌型|抑菌|杀菌|无菌)+卫生巾+(预防|治疗|防病毒|防感染|抗病毒|防肺炎|对抗|抵抗|杀死|抵御|消灭|阻挡|遏制|抑制|消除|杀毒|除菌|杀病毒),头条辟谣,http://toutiao.com/group/6790912155555201539/
81458,2020-02-08,wish,谣言：白酒放冰箱冷冻室能制作75%的酒精,鉴定结果：谣言权威解读：白酒是酒精的水溶液，在温度降低到凝固点时，形成的固体中酒精含量会比液体中低。,白酒+冰箱+酒精,头条辟谣,http://toutiao.com/group/6790946519311712781/
81466,2020-02-08,dread,有争议：病毒检测假阴性概率被低估，存在治疗核酸转阴后复发情况,解除隔离和出院标准也已经明确指出，出院患者不仅需要两次核算检测均阴性，且胸部影像学检查表现明显吸收好转，因此，按照试行第五版诊疗方案进行治疗及判断是否出院，基本上不存在核算检测转阴后病情复发的情况。,复发+假阴性,头条辟谣,http://toutiao.com/group/6790934556959572494/
81469,2020-02-08,wish,复方甲酚皂能杀死新冠肺炎病毒,“复方甲酚皂消毒液”的主要成分为甲酚，用于室内外环境物体表面消毒...,复方甲酚皂+杀死,美国埃默里大学（Emory University）公共卫生学硕士,https://vp.fact.qq.com/article?id=76174914e9ba638b3fa37e048d0de8d5
81472,2020-02-08,wish,谣言：15个口罩轮流用，密封15天病毒死亡后，就可以再次使用,15个口罩轮流用，1天1个，用完1个就密封。到第15天时，再用第1个，因为第1个上的新冠病毒应该也死了，所以就是安全的口罩了。,(15|十五)+轮流+口罩,头条辟谣,http://toutiao.com/group/6791009566768235022/
81475,2020-02-08,dread,瑞德西韦的副作用比化疗严重，杀敌八百自损一千,目前没有看到临床研究或者报道...,瑞德西韦+副作用+(严重|不小|大),美国国立卫生研究院博士后研究员，免疫学博士,https://vp.fact.qq.com/article?id=80833c0d374165223eadea2b9f9b7580
81483,2020-02-08,dread,谣言：普通民众最好也佩戴N95口罩,鉴定结果：谣言权威解读：广东省政府新闻办举行第八场疫情防控新闻发布会，省疫情防控指挥部办公室疫情防控组成员、省疾控中心副主任宋铁在发布会上表示，普通健康市民要选择适合自己的保护需求的口罩，普通情况下不建议长期佩戴N95口罩。,N95+普通人,头条辟谣,http://toutiao.com/group/6790631978740744716/
81491,2020-02-08,wish,谣言：钟南山推荐中药预防汤剂,"鉴定结果：谣言权威解读：7日，广州医科大学校长王新华回应：关于近几天来，外界所传的""钟南山院士公开的一则中药预防方子""，在这里，我需要做回应：这个方子是我们广医一院个别医生所开的方子，在给医院医务人员群体服用后，大家感觉有帮助而已，并非外界所宣称的重大发现。",钟南山+中药预防汤剂,头条辟谣,http://toutiao.com/group/6790990957459276295/
81505,2020-02-08,wish,谣言：益生菌能提高免疫力预防新型肺炎,近日有消息称益生菌能提高免疫力预防新型肺炎。迄今为止的科学研究虽然很多，但基本上都是通过补充特定益生菌改变了特定的生理指标。,益生菌+(免疫力|免疫|抵抗力),头条辟谣,http://toutiao.com/group/6790964255362384387/
81510,2020-02-08,wish,钟南山推荐的防疫凉茶能预防新型冠状病毒,广州医科大学校长王新华回应称：外界所传的“钟南山院士公开的一则中药...,钟南山+凉茶,中央人民广播电台广播新闻网,https://vp.fact.qq.com/article?id=652d6172d51e65d37f48612f598a27c3
81512,2020-02-08,wish,口罩放到玻璃瓶里用开水煮十分钟消毒后可以反复使用,除了湿法消毒会破坏口罩材料的疏水性...,煮+口罩,物理学博士,https://vp.fact.qq.com/article?id=a60a0172ba5873c14c95ad0b2e15345d
81523,2020-02-09,wish,谣言：冠状病毒治愈后不需要防护,已经感染过新型冠状病毒的患者，如果已经确诊了，而且也采取了积极的治疗恢复了，这类人群出院之后不需要防护。,(治愈|痊愈)+(不需要|无需|仍需)+防护,头条辟谣,http://toutiao.com/group/6791334084661477895/
81544,2020-02-09,dread,谣言：新冠肺炎患者治愈后全身疼痛及半身不遂,近期，网上流传着一位自称是瑞安市人民医院住院患者的微信聊天记录，其自诉为新冠肺炎确诊患者，已经治愈，但留下了全身疼痛、半身不遂等后遗症。,(治愈|痊愈)+(半身不遂|全身疼痛),头条辟谣,http://toutiao.com/group/6791395966420255240/
81548,2020-02-09,wish,谣言：身边没有疫情不用戴口罩,很多病毒携带者可能出现在全国各地，而部分携带者处于潜伏期，可能身上还没有症状，比如发烧，乏力等，这时候也不知道谁是感染者，这意味着，我们在公共场所都有可能会接触到携带者。,没有疫情不用戴口罩,头条辟谣,http://toutiao.com/group/6791335563698897420/
81570,2020-02-09,wish,谣言：抗生素能有效预防和治疗新型冠状病毒,鉴定结果：谣言权威解读：抗生素不能有效预防和治疗新型冠状病毒。新型冠状病毒是一种病毒，因此，不应该用抗生素进行预防或治疗。,抗生素+(预防|治疗|防病毒|防感染|抗病毒|防肺炎|对抗|抵抗|杀死|抵御|消灭|阻挡|遏制|抑制|消除|杀毒|除菌|杀病毒),头条辟谣,http://toutiao.com/group/6791285222559187464/
81577,2020-02-09,wish,电动口罩可以预防新型冠状病毒,电动口罩能否预防新型冠状病毒要根据具体型号而定...,电动+口罩+预防,腾讯旗下专业医学科普平台,https://vp.fact.qq.com/article?id=1c48630b66787fc4ba55f169c311bc01
81588,2020-02-09,wish,家里空调温度调高可以抵御新型冠状病毒？,【家里空调温度调高可以抵御新型冠状病毒？】有人问：家里空调温度调高可以抵御新型冠状病毒吗？这是谣言，李兰娟院士表示在56度的温度下30分钟可以杀死新型冠状病毒，显然我们是不可能把空调调到56度的。@微博辟谣 科普中国的微博视频,(空调|暖气)+病毒+(预防|治疗|防病毒|防感染|抗病毒|防肺炎|对抗|抵抗|杀死|抵御|消灭|阻挡|遏制|抑制|消除|杀毒|除菌|杀病毒),微博辟谣,https://www.weibo.com/1866405545/ItrJXoUcy
81589,2020-02-09,dread,多批次人民币检测有新型冠状病毒？谣言！,【多批次人民币检测有新型冠状病毒？谣言！】近日，一则消息在朋友圈转发：“外出不要使用现金，已经在多批次人民币表面检测有新型冠状病毒病原体，一旦接触传染性更强”。该消息无权威部门认证发布，是谣言！,(人民币|现金|纸币|压岁钱)+病毒,微博辟谣,https://www.weibo.com/1866405545/Itrrwp8CP
81592,2020-02-09,wish,尚无定论：金银花能防控新型冠状病毒感染,南京大学生命科学学院教授陈熹表示，金银花等植物具有抑制新型冠状病毒的潜力，但还没有完全证明，正在申请临床实验，其安全性、有效性都要进行评估。,金银花+(预防|治疗|防病毒|防感染|抗病毒|防肺炎|对抗|抵抗|杀死|抵御|消灭|阻挡|遏制|抑制|消除|杀毒|除菌|杀病毒|防控),头条辟谣,http://toutiao.com/group/6791313790936809987/
81599,2020-02-10,dread,外国人去过公厕就感染，机场车站公厕高风险，别去,据越南卫生部2月2日消息...,(公共厕所|公厕|公共卫生间)+(感染|风险|传染),宾夕法尼亚大学医学院病理及实验医药系研究副教授,https://vp.fact.qq.com/article?id=466418530142069e25f9047bd755ec83
81601,2020-02-10,wish,专用纸巾按电梯可以防病毒？,,纸巾+电梯+(预防|治疗|防病毒|防感染|抗病毒|防肺炎|对抗|抵抗|杀死|抵御|消灭|阻挡|遏制|抑制|消除|杀毒|除菌|杀病毒),红网,http://www.piyao.org.cn/2020-02/10/c_1210468198.htm
81611,2020-02-10,wish,口罩经电蒸汽熨斗熨烫后可重复使用？,,口罩+(熨烫|熨斗),湖北日报、长江日报,http://www.piyao.org.cn/2020-02/10/c_1210468229.htm
81616,2020-02-10,wish,深呼吸后屏气5-10秒，如果没咳嗽，说明没有肺炎,这样的方法不科学，也毫无意义，不建议大家自测...,(屏气|憋气|深呼吸|吸气)+(怀疑|自测|测试|检测|测验|测|说明|证明),药理学硕士，知贝儿科药师,https://vp.fact.qq.com/article?id=1709a358b447a4366149369f3bd1486f
81617,2020-02-10,wish,口罩越厚，防病毒效果越好？,,越厚+口罩,人民网,http://www.piyao.org.cn/2020-02/10/c_1210468234.htm
81624,2020-02-10,wish,【假讯息】振兴主任说武汉病毒26-27度就死？多喝热水的谣言,最近 LINE 流传「振兴主任告知这次的武汉病毒并不耐热在温度26-27度的环境下就会被杀死」、「所以要多饮用热水」的谣言讯息。这是没有根据的说法，实际上专家也解释过，若要达到病毒,(26|27)+(度|摄氏度|℃)+病毒+(预防|治疗|防病毒|防感染|抗病毒|防肺炎|对抗|抵抗|杀死|抵御|消灭|阻挡|遏制|抑制|消除|杀毒|除菌|杀病毒),MyGoPen,https://tw.news.yahoo.com/%E5%81%87%E8%A8%8A%E6%81%AF-%E6%8C%AF%E8%88%88%E4%B8%BB%E4%BB%BB%E8%AA%AA%E6%AD%A6%E6%BC%A2%E7%97%85%E6%AF%9226-27%E5%BA%A6%E5%B0%B1%E6%AD%BB-%E5%A4%9A%E5%96%9D%E7%86%B1%E6%B0%B4%E7%9A%84%E8%AC%A0%E8%A8%80-071002585.html
81628,2020-02-10,wish,谣言：挂烫机可以杀死衣服上的新型冠状病毒,有消息称，使用挂烫机可以杀死衣服上的新型冠状病毒鉴定结果：谣言权威解读：56°C且持续30分钟是用高温杀死新冠状病毒的两个必备条件，也就是说得对衣服的每一个部位都持续烫30分钟以上才有效。,挂烫+(新冠|病毒),头条辟谣,http://toutiao.com/group/6791398324525072910/
81630,2020-02-10,wish,用纸尿裤（尿不湿）制作口罩可防护新型冠状病毒感染,尿不湿外层（防漏层）的阻水效果主要依赖微孔膜实现...,(纸尿裤|尿不湿)+(制作|自制)+口罩,黄晨,https://vp.fact.qq.com/article?id=d3bd15c0354aac916611b699aa56af97
81637,2020-02-10,dread,新型冠状病毒感染的肺炎通过眼神传播？,,(眼神|对视)+(传染|感染|传播),中国互联网联合辟谣平台,http://www.piyao.org.cn/2020-02/10/c_1210468216.htm
81640,2020-02-10,wish,闻洋葱能预防新型冠状病毒肺炎,洋葱的刺鼻性气味来源于硫化丙烯等硫化物。在体外实验中...,洋葱+(预防|治疗|防病毒|防感染|抗病毒|防肺炎|对抗|抵抗|杀死|抵御|消灭|阻挡|遏制|抑制|消除|杀毒|除菌|杀病毒),美国普渡大学农业与生物系食品工程专业博士,https://vp.fact.qq.com/article?id=5dc235eadacfa5bdb3a6e84d87d24449
81707,2020-02-10,wish,谣言：使用公共厕所的干手机持续吹30秒就能杀死新冠病毒,使用公共厕所常见的干手机持续吹30秒就能杀掉手上的新冠病毒鉴定结果：谣言权威解读：新型冠状病毒的体外杀灭条件，现在已经非常清楚了：病毒对紫外线和热敏感，56℃30分钟；乙醚，75%的酒精；含有氯的消毒剂，比如84消毒液，过氧乙酸和氯仿均可以有效灭活病毒。,(干手器|干手机)+(消毒|杀死),头条辟谣,http://toutiao.com/group/6791764600950882823/
81713,2020-02-10,wish,谣言：可以在室内用喷洒酒精的方式消毒,北京市大兴区消防救援支队提醒，在家中使用酒精的浓度高于70%的时候，酒精的挥发使室内空气中可燃性气体增加，只要空气中有一点小火花，就可能引起爆燃，这比酒精被点燃还要危险。,室内喷洒酒精,头条辟谣,http://toutiao.com/group/6791689108549796359/
81714,2020-02-10,wish,谣言：含姜片可以预防新冠病毒,近日，网上流传这样一条含姜片可以预防新型冠状病毒，只要出门含一片姜片，就可以百毒不侵。飞沫传播是新型冠状病毒的主要传播途径，而含姜片并不能阻隔这一传播途径。,姜片+(预防|防病毒|防护|防感染|抗病毒|防肺炎|对抗|抵抗|杀死|抵御|消灭|阻挡|遏制|抑制|消除|杀毒|除菌|杀病毒),头条辟谣,http://toutiao.com/group/6791688014117470728/
81716,2020-02-10,dread,吃猪肉会感染新型冠状病毒,迄今为止没有猪被新冠病毒感染的报道...,吃猪肉+(传染|感染|传播|风险),美国普渡大学农业与生物系食品工程专业博士,https://vp.fact.qq.com/article?id=b658603349c1025587069e5536bc0913
81735,2020-02-11,wish,松茸蘑菇能预防新型冠状病毒,不管是松茸还是别的食物，都各有营养成分...,松茸+(预防|治疗|防病毒|防感染|抗病毒|防肺炎|对抗|抵抗|杀死|抵御|消灭|阻挡|遏制|抑制|消除|杀毒|除菌|杀病毒),美国普渡大学农业与生物系食品工程专业博士,https://vp.fact.qq.com/article?id=ee8e42961cdb4779c76b95a8bde6a273
81743,2020-02-11,wish,吃保健品可以预防新型冠状病毒？,,保健品+预防,北京电视台,http://www.piyao.org.cn/2020-02/11/c_1210464048.htm
81748,2020-02-11,wish,谣言：紫外线消毒灯也能用于皮肤的消毒,根据新发布的《新型冠状病毒肺炎诊疗快速指南》，75%酒精、乙醚、氯仿、甲醛、含氯消毒剂、过氧乙酸和紫外线均可灭活病毒。,紫外线+皮肤+消毒,头条辟谣,http://toutiao.com/group/6792022477305283079/
81754,2020-02-11,dread,口罩用过要剪掉？,,(剪掉|剪)+口罩,腾讯较真,http://www.piyao.org.cn/2020-02/11/c_1210468802.htm
81763,2020-02-11,dread,谣言：普通人出门也要戴护目镜,为做好新冠肺炎的防控，不少市民在注重口鼻、手卫生的同时，也对如何做好眼睛的防护有许多疑问，有消息称，在疫情期间，普通人出门也应当戴护目镜。,普通人+护目镜,头条辟谣,http://toutiao.com/group/6792113413733483021/
81764,2020-02-11,dread,病毒会漂浮在空气中形成“病毒云”？,,(悬浮|漂浮)+病毒云,新京报,http://www.piyao.org.cn/2020-02/11/c_1210464117.htm
81765,2020-02-11,wish,大量喝水能预防新型冠状病毒感染？,,喝水+(预防|防病毒|防护|防感染|抗病毒|防肺炎|对抗|抵抗|杀死|抵御|消灭|阻挡|遏制|抑制|消除|杀毒|除菌|杀病毒),中国网,http://www.piyao.org.cn/2020-02/11/c_1210468701.htm
81771,2020-02-11,wish,【错误】网传「山东兰陵县146万人，目前无一感染...分析原因:他们是大蒜种植区...兰陵农田里长势喜人，会散发出天然大蒜素杀菌，截断了感染」？,网传「山东兰陵县146万人，目前无一感染...分析原因:他们是大蒜种植区...兰陵农田里长势喜人，会散发出天然大蒜素杀菌，截断了感染」，经查： 一、根据中国山东省的疫情资讯，截至2020年2月11日为止，兰陵县有一个确诊个案。 二、专家表示，目前没有证据显示大蒜对预防或治疗新型冠状病毒有任何效果。 因此，此传言为「错误」讯息。 背景 社群平台、通讯软体流传：「山东兰陵县146万人，目前无一感染，引起了有关专家的重视，据当地政府统计，在武汉打工卖菜的近万农民工回到家乡过春节，至今无发病。分析原因:他们是大蒜种植区，当下大蒜苗在兰陵农田里长势喜人，会散发出天然大蒜素杀菌，截断了...,兰陵+大蒜,台湾事实查核中心,https://tw.news.yahoo.com/%E9%8C%AF%E8%AA%A4-%E7%B6%B2%E5%82%B3-%E5%B1%B1%E6%9D%B1%E8%98%AD%E9%99%B5%E5%8E%BF146%E8%90%AC%E4%BA%BA-%E7%9B%AE%E5%89%8D%E7%84%A1-%E6%84%9F%E6%9F%93-091512612.html
81781,2020-02-11,wish,服用提高免疫力的药物可预防新型冠状病毒？,,(药|药物)+(提升|提高)+(免疫力|抵抗力)+(防|预防),人民网,http://www.piyao.org.cn/2020-02/11/c_1210468708.htm
81782,2020-02-11,wish,口罩内垫纸巾能延长“寿命” ？,,垫纸巾+口罩,北京日报客户端,http://www.piyao.org.cn/2020-02/11/c_1210468850.htm
81792,2020-02-11,dread,谣言：核酸检验频繁假阴性，有大量漏诊,并且，对于疑似患者和确诊患者，要解除隔离和出院必须满足：体温恢复正常3 天以上；呼吸道症状明显好转；肺部影像学显示炎症明显吸收；连续两次呼吸道病原核酸检测阴性，且采样时间间隔至少 1 天。,漏诊+假阴性,头条辟谣,http://toutiao.com/group/6792132594919014916/
81802,2020-02-11,wish,塑料袋装水堵地漏，能防止气溶胶传播病毒,拿装水的塑料袋可以用来挡一挡老鼠...,堵地漏,宾夕法尼亚大学医学院病理及实验医药系研究副教授,https://vp.fact.qq.com/article?id=b8af445745be1b37f07522a0fac7e80f
81810,2020-02-11,wish,出现流鼻涕、咳痰的症状就不会是新型冠状病毒肺炎？,,(鼻涕|流鼻涕|咳痰)+(就不是|不是),国家卫健委,http://www.piyao.org.cn/2020-02/11/c_1210468786.htm
81822,2020-02-11,wish,服用乳酸菌素片可预防新型冠状病毒？,,乳酸菌素+预防,中国互联网联合辟谣平台,http://www.piyao.org.cn/2020-02/11/c_1210468716.htm
81828,2020-02-11,wish,谣言：自制铜甘斯水可预防新冠病毒,近日，网上广泛传播“自制铜甘斯水可预防新冠病毒”这一消息，引发了网友的广泛讨论。鉴定结果：谣言权威解读：清华大学化学博士孙亚飞说：所谓铜甘斯水，无非就是电离食盐水，这个过程会产生氢气和次氯酸钠。,自制铜甘斯水,头条辟谣,http://toutiao.com/group/6791721839161770508/
81831,2020-02-11,wish,有争议：口罩放到保鲜袋里，吹风机吹30分钟就能消毒,把口罩放到保鲜袋里，吹风机吹30分钟就能消毒鉴定结果：有争议权威解读：新型冠状病毒的体外杀灭条件之一：病毒对紫外线和热敏感，56℃30分钟高巍医生通过实验来证明此种方式是否可行。,口罩+放保鲜袋,头条辟谣,http://toutiao.com/group/6792090123895833092/
81857,2020-02-11,dread,谣言：新型肺炎治疗主要靠激素，患者治疗后会成为废人,治疗新型肺炎主要依靠激素，治疗后会成废人。非典时期，激素治疗使部分患者留下股骨头坏死的后遗症，这是药物的一种副作用。,激素+(治疗|治愈|痊愈|治好)+(后遗症|废人),头条辟谣,http://toutiao.com/group/6792112450243133963/
81861,2020-02-11,dread,出门回家担心衣服上会带病毒？不必，但需要注意这些地方,【出门回家担心衣服上会带病毒？不必，但需要注意这些地方  】不要过度紧张，只需注重细节防护，病毒就能挡住！#科学防疫 有你有我# 中国互联网联合辟谣平台的微博视频,(衣服|衣物)+(出门|外出)+(带有|带)+病毒,微博辟谣,https://www.weibo.com/1866405545/ItKSkrNTr
81873,2020-02-12,wish,吃“达菲”“病毒灵”能预防新型冠状病毒？,,达菲+(预防|治疗|防病毒|防感染|抗病毒|防肺炎|对抗|抵抗|杀死|抵御|消灭|阻挡|遏制|抑制|消除|杀毒|除菌|杀病毒),科学辟谣平台,http://www.piyao.org.cn/2020-02/12/c_1210470742.htm
81877,2020-02-12,wish,香油滴在鼻孔，可以阻断一切的流感和瘟疫传染？,,(香油|芝麻油)+(鼻孔|鼻子|鼻道|鼻腔),腾讯较真,http://www.piyao.org.cn/2020-02/12/c_1210470723.htm
81882,2020-02-12,wish,新冠肺炎患者可自行服用抗艾药“克力芝”？,,克力芝+(预防|治疗|防病毒|防感染|抗病毒|防肺炎|对抗|抵抗|杀死|抵御|消灭|阻挡|遏制|抑制|消除|杀毒|除菌|杀病毒),健康报微信公众号,http://www.piyao.org.cn/2020-02/12/c_1210470770.htm
81890,2020-02-12,wish,从武汉回国的700印度人未感染是因吃咖哩？专家回应来了,【从武汉回国的700印度人未感染是因吃咖哩？专家回应来了】这两天，“武汉700印度人回国检测零感染”的网文又刷爆朋友圈。有网友惊呼：咖喱要抢不到了！营养专家却说，不要跟风了！中国的传统调料也有很多具有抗炎能力，但健康不是一蹴而就的。无论咖喱还是其他调料，没有任何一种食物能够在短期内迅速提高免疫力，吃好每餐饭最重要。,印度+咖哩,微博辟谣,https://www.weibo.com/1866405545/ItUQJp2ak
81929,2020-02-12,wish,含氯消毒剂和洁厕灵一起用威力更大？,,洁厕灵+含氯,北京青年报,http://www.piyao.org.cn/2020-02/12/c_1210470787.htm
81933,2020-02-12,wish,男性精液能抑制新型冠状病毒,这个说法是无稽之谈。男性的精液可不是杀毒剂，相反对病毒还很仁慈...,(精液|精子)+(预防|治疗|防病毒|防感染|抗病毒|防肺炎|对抗|抵抗|杀死|抵御|消灭|阻挡|遏制|抑制|消除|杀毒|除菌|杀病毒),方祺,https://vp.fact.qq.com/article?id=e32222e22bcde53f8a0495aeb400dd8e
81935,2020-02-12,wish,晒太阳可以杀灭新型冠状病毒？,,晒太阳+(消毒|杀死|杀灭),中国互联网联合辟谣平台,http://www.piyao.org.cn/2020-02/12/c_1210470748.htm
81955,2020-02-12,dread,谣言：新型冠状病毒会被风刮到全国各地,有人担心如果病毒随着大风刮到附近的地区，感染其他地区的人民，最后导致全国各地都有冠状病毒。从这个角度讲，在日常通风环境下，飞沫并不会被风吹走，所以不用担心新型冠状病毒会被风刮到全国各地。,(风|大风)+刮到+病毒,头条辟谣,http://toutiao.com/group/6792469536047104515/
81957,2020-02-12,dread,辟谣侠盟丨安检摘口罩有风险？15秒被感染？权威解答,安检摘口罩有风险？15秒被感染？权威解答,安检+摘口罩,0,https://moment.rednet.cn/content/2020/02/13/6720205.html
81962,2020-02-12,dread,阴雨天和大雾天会增加新冠病毒感染风险,新冠病毒的主要传播途径是飞沫传播和接触传播...,(阴雨|大雾)+(传染|感染|传播|风险),汤勃,https://vp.fact.qq.com/article?id=8be33c500e00257c97419ac24ab59d8f
81974,2020-02-12,wish,左氟沙星眼药水可以防止新冠病毒从眼部进入,左氧氟沙星滴眼液主要用来治疗多种病原体（包括细菌、支原体、衣原体等...,左氟沙星+病毒,腾讯旗下专业医学科普平台,https://vp.fact.qq.com/article?id=7054cf03893dc31ea6238a5c6c2aa5e6
81979,2020-02-12,wish,拔头两侧的白发可以防治新型冠状病毒肺炎,头发覆盖于我们的头部...,两侧+(白发|头发)+(防治|杀灭|预防|治疗|防病毒|防感染|抗病毒|防肺炎|对抗|抵抗|杀死|抵御|消灭|阻挡|遏制|抑制|消除|杀毒|除菌|杀病毒),腾讯旗下专业医学科普平台,https://vp.fact.qq.com/article?id=fdfb9439ecf2a5113791a46252764ece
81986,2020-02-12,dread,谣言：为了预防新冠病毒，出门一定要戴手套,鉴定结果：谣言权威解读：国家卫健委高级别专家组成员李兰娟院士表示，只有直接接触污染物的时候，才需要戴手套，一般是不需要戴手套的，只要勤加洗手，做任何事后都洗个手，一般就不会有太大问题。,手套+(一定|必须|绝对),头条辟谣,http://toutiao.com/group/6792133972777239043/
81992,2020-02-12,wish,味儿越冲，消毒效果越好？,,味儿越冲+效果+消毒,北京青年报,http://www.piyao.org.cn/2020-02/12/c_1210470788.htm
81994,2020-02-12,dread,医护人员离开医院会携带病毒？,,医护+离开+携带,国务院联防联控机制新闻发布会,http://www.piyao.org.cn/2020-02/12/c_1210470776.htm
81998,2020-02-12,dread,机场过安检摘口罩会被感染？,,安检+摘口罩+(感染|传染|传播),国务院联防联控机制新闻发布会,http://www.piyao.org.cn/2020-02/12/c_1210470790.htm
82011,2020-02-12,wish,雄黄可以杀死新型冠状病毒,雄黄为硫化物类矿物，也是一种中药...,雄黄+(预防|治疗|防病毒|防感染|抗病毒|防肺炎|对抗|抵抗|杀死|抵御|消灭|阻挡|遏制|抑制|消除|杀毒|除菌|杀病毒),腾讯旗下专业医学科普平台,https://vp.fact.qq.com/article?id=58393d796dcda0720d675cd41c25f248
82020,2020-02-12,dread,水果、蔬菜表面会附着新型冠状病毒？,,(水果|蔬菜)+(附着|沾染)+病毒,国务院联防联控机制新闻发布会,http://www.piyao.org.cn/2020-02/12/c_1210469941.htm
82034,2020-02-13,dread,吃野菜会感染新型冠状病毒,新型冠状病毒通过哺乳动物传播，植物不是它的宿主，也不会被它感染...,吃+野菜+(感染|传染),美国普渡大学农业与生物系食品工程专业博士,https://vp.fact.qq.com/article?id=a2141851348ee5f3772c761e25bb57d7
82046,2020-02-13,wish,“14天隔离法”能实现口罩循环使用？,,14天隔离法+口罩,浙江在线、腾讯较真,http://www.piyao.org.cn/2020-02/13/c_1210472737.htm
82062,2020-02-13,wish,将衣物放到整理箱密封，4小时后病毒就死了？,,密封+箱+(衣物|衣服),腾讯较真,http://www.piyao.org.cn/2020-02/13/c_1210473498.htm
82084,2020-02-13,dread,谣言：候鸟迁徙会携带传播新冠病毒,新冠病毒主要利用细胞表面受体ACE2感染哺乳动物，鸟类目前没有检测出具备大量ACE2受体，被病毒侵染概率很低。,候鸟+(传染|感染|传播|携带),头条辟谣,http://toutiao.com/group/6792809185126908424/
82106,2020-02-13,wish,甘草酸二铵＋维生素C＋芦丁片可以缓解新冠肺炎,分析一个方案是否有效的直接方法是基于III期临床试验...,(甘草酸二铵|芦丁片)+(预防|缓解|治疗|防病毒|防感染|抗病毒|防肺炎|对抗|抵抗|杀死|抵御|消灭|阻挡|遏制|抑制|消除|杀毒|除菌|杀病毒),腾讯旗下专业医学科普平台,https://vp.fact.qq.com/article?id=0e88f5caeb6aec4bb3f7246fce5f1e5e
82107,2020-02-13,dread,武汉一男子将口罩喷酒精后，遇84消毒瞬间死亡？,,酒精+84+死亡,湖北之声官方微博,http://www.piyao.org.cn/2020-02/13/c_1210473504.htm
82140,2020-02-14,wish,没有人的地方就可不戴口罩？,,没有人的地方+(可以|可)+不戴口罩,新华网科普微信公众号,http://www.piyao.org.cn/2020-02/14/c_1210474174.htm
82149,2020-02-14,wish,有争议：清肺排毒汤能治疗新冠肺炎,麻黄Ma Huang 炙甘草 Zhigancao、honey-fried licorice root、Prepared Liquorice Root杏仁 almond桂枝 cassia twig、 Guizhi泽泻 rhizoma alismatis猪苓 Polyporus um,清肺排毒汤+治疗,头条辟谣,http://toutiao.com/group/6793134471257260548/
82150,2020-02-14,wish,有争议：银离子抗菌液可以给口罩消毒,鉴定结果：有争议权威解读：银离子抗菌液可以用于皮肤消毒，比如手术切口的消毒等。同时，在光的作用下，银离子能起到催化活性中心的作用，激活水和空气中的氧，产生轻基自由基和活性氧离子，活性氧离子具有很强的氧化能力，能在短时间内破坏细菌的增殖能力而使细胞死亡，从而达到抗菌的目的。,银离子+口罩消毒,头条辟谣,http://toutiao.com/group/6793128285279617540/
82152,2020-02-14,wish,阿莫西林可以治疗新冠病毒？,,阿莫西林+治疗,人民网科普微信公众号,http://www.piyao.org.cn/2020-02/14/c_1210474161.htm
82156,2020-02-14,wish,谣言：抗菌皂杀菌率高达99%,鉴定结果：谣言权威解读：《抗菌化疗协会》的一项研究对比了含三氯生的抗菌肥皂与普通肥皂在实验室条件下，和在正常生存环境中的抗菌效果。,皂+杀菌率,头条辟谣,http://toutiao.com/group/6793142635658740237/
82177,2020-02-14,wish,因为喝马黛茶，阿根廷人很少得传染病,阿根廷人确实很钟爱喝马黛茶...,喝马黛茶+(预防|治疗|防病毒|防感染|抗病毒|防肺炎|对抗|抵抗|杀死|抵御|消灭|阻挡|遏制|抑制|消除|杀毒|除菌|杀病毒),今日话题栏目主编,https://vp.fact.qq.com/article?id=1d2cef0011a9bd2907ef4967e95aad01
82185,2020-02-14,wish,新冠病毒康复者的血浆能有效治疗重症患者,血浆治疗，主要是恢复期的患者体内产生了特定抗体...,血浆治疗+有效+重症,药理学硕士，知贝儿科药师,https://vp.fact.qq.com/article?id=e7c16d7c8e9acf062789a67dd7d9ef40
82186,2020-02-14,dread,谣言：接触了患有新冠肺炎骑手接触过的包装，会被感染,近日深圳被爆出有外卖骑手在患上新冠肺炎期间依然外出送餐，有消息称接触了患有新冠肺炎的骑手送来的外卖包装，会感染病毒。,骑手+(传染|感染|传播),头条辟谣,http://toutiao.com/group/6793248897989870092/
82203,2020-02-14,wish,香囊可以预防新型冠状病毒,有传言说，用苍术、川芎、白芷、艾叶、藿香、佩兰、薄荷制成香囊...,香囊+(预防|治疗|防病毒|防感染|抗病毒|防肺炎|对抗|抵抗|杀死|抵御|消灭|阻挡|遏制|抑制|消除|杀毒|除菌|杀病毒),腾讯旗下专业医学科普平台,https://vp.fact.qq.com/article?id=9a6247f65785bcf659495e6ecc48e9e1
82216,2020-02-14,wish,含有抗菌成分的肥皂比普通肥皂有效,与普通肥皂相比...,抗菌+(肥皂|皂),卓正医疗皮肤科医生,https://vp.fact.qq.com/article?id=82c94b781f96eb9a3a5d6b82cc1e26bd
82229,2020-02-15,dread,电梯按钮等光滑表面病毒生活时间长？,,光滑表面+病毒,环球网、人民网,http://www.piyao.org.cn/2020-02/15/c_1210475679.htm
82230,2020-02-15,dread,湖北产的大米上可能有新型冠状病毒,大米不是病毒的宿主。即便是有病毒落在上面，它也无法进行复制增殖...,产的+大米+湖北+(新冠|冠状|新型冠状|肺炎|病毒),美国普渡大学农业与生物系食品工程专业博士,https://vp.fact.qq.com/article?id=18e4ed0ea3e8d3f403bc7bf38f9e0eaa
82231,2020-02-15,wish,化橘红可以缓解新型冠状病毒肺炎症状,化橘红是一种药材，也是川贝枇杷膏的主要成分之一...,化橘红+缓解,腾讯旗下专业医学科普平台,https://vp.fact.qq.com/article?id=072a0651e83572f882720b2743df926a
82233,2020-02-15,dread,谣言：中央空调会传播新冠病毒，必须全部关闭,近期，各地陆续复工，办公室、商场等公共场所人员流动不断增加，中央空调会传播新冠病毒，那是否必须全部关闭引起人们的深思。,空调+(传染|感染|传播),头条辟谣,http://toutiao.com/group/6793223764856275464/
82237,2020-02-15,wish,穿防静电服能隔绝新型冠状病毒,防静电服的主要功能是不让服装上的静电积聚...,防静电服,黄晨,https://vp.fact.qq.com/article?id=84c7a6e6ee36e499f77b63bed397a061
82246,2020-02-15,dread,疫情期间吃水果必须削皮,通过水果传染新冠病毒...,水果+削皮,美国普渡大学农业与生物系食品工程专业博士,https://vp.fact.qq.com/article?id=56d69cf3e258948eb576d354ecfe805c
82251,2020-02-15,wish,尚无定论：特免血浆有显著疗效,中国生物技术股份有限公司开展新冠病毒特免血浆制品和特免球蛋白的制备工作以来，现已成功制备出用于临床治疗的特免血浆。,特免血浆+显著疗效,头条辟谣,http://toutiao.com/group/6793519798518022659/
82257,2020-02-15,wish,煮好的花椒水可以医治新型冠状病毒肺炎,花椒水做调料就好了...,花椒水+(预防|治疗|防病毒|防感染|抗病毒|防肺炎|对抗|抵抗|杀死|抵御|消灭|阻挡|遏制|抑制|消除|杀毒|除菌|杀病毒),美国普渡大学农业与生物系食品工程专业博士,https://vp.fact.qq.com/article?id=2735c8f76b2d36862f7ac71f4f2058d3
82258,2020-02-15,dread,湖南多地下雪！雪花会冻死病毒还是传播病毒？专家回应,北京地坛医院感染病急诊科主任王凌航认为，市民对于疫情的认识，不应因天气的变化而转向。明天08时至17日08时，全省多云到晴天；北风3级；最高气温湘西8〜10℃，其他地区6〜8℃；最低气温0〜2℃。,(雪|下雪)+冻死+病毒,0,https://moment.rednet.cn/content/2020/02/15/6727680.html
82261,2020-02-15,dread,去过确诊者去过的商场一定要隔离？,,(患者|确诊)+商场+隔离,央广网,http://www.piyao.org.cn/2020-02/15/c_1210475673.htm
82267,2020-02-15,wish,等离子空气消毒机可以杀灭新型冠状病毒,目前由于等离子消毒的复杂性...,等离子+空气消毒机,卓正医疗皮肤科医生,https://vp.fact.qq.com/article?id=190defbb0eda311bdbc508ce7e9ae13f
82272,2020-02-15,wish,沉香可以预防新型冠状病毒,沉香是瑞香科植物白木香或沉香等树木的干燥木质结油部分，可制成香料...,沉香+(新冠|冠状|新型冠状|肺炎|病毒),腾讯旗下专业医学科普平台,https://vp.fact.qq.com/article?id=56be959ea1d0683853f717d8ad032d16
82273,2020-02-15,wish,美国华裔专家的“自救措施”能治疗新型冠状病毒肺炎,吴教授所说的“新冠病毒肺炎的机理其实是过激的免疫反应制造的大量自由...,自救措施+美国+专家,宾夕法尼亚大学医学院病理及实验医药系研究副教授,https://vp.fact.qq.com/article?id=3dbe0635cf7296b236be9d33f0a76b34
82277,2020-02-15,wish,谣言：城市、小区大范围喷洒消毒可防止病毒传播,查证者：美国华裔公共卫生专家，新泽西州立公共环境健康实验室，范智华延伸阅读：中国新冠状病毒的疫情自一月中旬以来，确诊病例每日几千例增长，一个多月就超过六万多病人，死亡人数已超过一千五百多人。,大范围喷洒+消毒,头条辟谣,http://toutiao.com/group/6793561035933483534/
82299,2020-02-15,wish,【错误】网传「刚才和我在美国做医生的弟弟通电话，他告知...多喝水可促进自身粘膜组织液的分泌来抵抗（新冠肺炎）病毒」？,网传「刚才和我在美国做医生的弟弟通电话，他告知...多喝水可促进自身粘膜组织液的分泌来抵抗（新冠肺炎）病毒」，经查： 一、大量饮水无法预防武汉肺炎。 二、传言对「多喝水可以促进黏膜产生抗体」之叙述没有科学根据。 因此，传言为「错误」讯息。 背景 通讯软体、社群平台流传讯息指出：「刚才和我在美国做医生的弟弟通电话，他告知，预防武肺的方法不仅是戴口罩和洗手消毒，这些都是被动防御。更重要的是要大量饮水...人体分泌的粘膜液有自身的抗体，可以抗感染，多喝水可促进自身粘膜组织液的分泌来抵抗病毒...」 【2020年2月17日更新】此传言近期又出现变形版本，为一医师鼓励大家多喝水、保...,(黏膜湿润|黏膜分泌|粘膜湿润|粘膜分泌)+(预防|防病毒|防护|防感染|抗病毒|防肺炎|对抗|抵抗|杀死|抵御|消灭|阻挡|遏制|抑制|消除|杀毒|除菌|杀病毒),台湾事实查核中心,https://tw.news.yahoo.com/%E9%8C%AF%E8%AA%A4-%E7%B6%B2%E5%82%B3-%E5%89%9B%E6%89%8D%E5%92%8C%E6%88%91%E5%9C%A8%E7%BE%8E%E5%9C%8B%E5%81%9A%E9%86%AB%E7%94%9F%E7%9A%84%E5%BC%9F%E5%BC%9F%E9%80%9A%E9%9B%BB%E8%A9%B1-%E4%BB%96%E5%91%8A%E7%9F%A5-%E5%A4%9A%E5%96%9D%E6%B0%B4%E5%8F%AF%E4%BF%83%E9%80%B2%E8%87%AA%E8%BA%AB%E7%B2%98%E8%86%9C%E7%B5%84%E7%B9%94%E6%B6%B2%E7%9A%84%E5%88%86%E6%B3%8C%E4%BE%86%E6%8A%B5%E6%8A%97-053603864.html
82302,2020-02-15,dread,卫生间排气扇形成的负压会把下水管的病菌抽在空气里,在卫生间开排气扇形成负压，把下水管的病菌抽在空气里...,排气扇+病毒,德国勃兰登堡州工业大学（BTU）物理教师,https://vp.fact.qq.com/article?id=ed17c58742b8287e428d975863488c49
82333,2020-02-16,wish,新冠肺炎患者体温正常就可出院？,,体温正常+出院+(就可|即可|便能),人民日报微信公众号,http://www.piyao.org.cn/2020-02/16/c_1210477065.htm
82338,2020-02-16,wish,空气净化器可以过滤病毒,目前市场上常用的空气净化器由风机和过滤装置组成，这种空气净化器主要适用于去除污染物，产品标准里没有对病毒杀灭率的要求，所以空气净化器不一定能适用过滤病毒，建议家庭每天对室内换气，同时应注意室内外温差大引起感冒的风险。,空气净化器+病毒,人民日报,alipays://platformapi/startapp?appId=20000909&url=%2Fwww%2Fmsg.html%3FpublicId%3D2018060460336001%26msgId%3D20180604603360015fe52f5c-62f9-4de9-988d-a3f9cfc9b196
82339,2020-02-16,wish,艾叶和艾灸可以杀毒除菌，预防新型冠状病毒肺炎,目前没有充分证据！ 用“艾灸”和“冠状病毒”作为关键词经检索知网...,(艾叶|艾灸|熏艾)+(预防|治疗|防病毒|防感染|抗病毒|防肺炎|对抗|抵抗|杀死|抵御|消灭|阻挡|遏制|抑制|消除|杀毒|除菌|杀病毒),腾讯旗下专业医学科普平台,https://vp.fact.qq.com/article?id=e03335dc2d798cdce4ec913a9bce9a66
82342,2020-02-16,wish,多喝热水姜汤、运动、盖被子、晒太阳能预防新冠病毒,新冠病毒对热敏感，但并不是在26-27度的环境下就能被杀死...,姜汤+(预防|防病毒|防护|防感染|抗病毒|防肺炎|对抗|抵抗|杀死|抵御|消灭|阻挡|遏制|抑制|消除|杀毒|除菌|杀病毒),美国普渡大学农业与生物系食品工程专业博士,https://vp.fact.qq.com/article?id=fefe1ff41fd277a7296a7d774b303a7e
82358,2020-02-16,dread,下雪天不要玩雪，会感染新型冠状病毒,病人咳嗽和喷嚏的飞沫通常会在数分钟后落下，不会长时间漂浮在空气中...,(雪|玩雪)+(带|带有|传染|感染|传播|携带)+病毒,卓正医疗医生,https://vp.fact.qq.com/article?id=6d847e5e3fe44da443cf1d7310a7df99
82368,2020-02-16,dread,谣言：疫情期间发热等于感染新冠病毒,鉴定结果：谣言权威解读：发热不一定意味着感染了新冠病毒，如果没有接触过可疑传染源，短期轻度发热可以在家随访观察。,(发热|发烧)+(就是|等于)+(感染|传染)+(肺炎|新冠|新型冠状),头条辟谣,http://toutiao.com/group/6793973513288942087/
82371,2020-02-16,wish,大家可以用室内臭氧去杀死新型冠状病毒,目前国际上并没有关于建议室内使用臭氧灭活SARS病毒和新冠病毒的数...,室内臭氧+(灭活|预防|治疗|防病毒|防感染|抗病毒|防肺炎|对抗|抵抗|杀死|抵御|消灭|阻挡|遏制|抑制|消除|杀毒|除菌|杀病毒),腾讯新闻旗下专业事实查证平台,https://vp.fact.qq.com/article?id=24bf8b386526a4973dde239e85f896e3
82387,2020-02-16,wish,谣言：中药土方敷脚底可以防新型冠状病毒,近日，网上流传着一则“武汉一家人的自救自愈方法”的中药土方，号称可防新型冠状病毒。鉴定结果：谣言权威解读：经调查，此消息系谣言。,中药+敷脚底,头条辟谣,http://toutiao.com/group/6793611494857638413/
82416,2020-02-17,dread,新型冠状病毒会通过眼结膜传染,武汉大学人民医院陈长征研究组于预印本网站medRxiv（未经同行评...,眼结膜+(传染|感染|传播),上海报业集团旗下新媒体平台,https://vp.fact.qq.com/article?id=89b0541413f316f97c2263d6ae5a2599
82417,2020-02-17,wish,在口罩中间垫上餐巾纸可以有效阻断新冠病毒,垫餐巾纸并不能有效阻断新冠病毒。餐巾纸的主要原材料是木浆纤维...,餐巾纸+口罩,黄晨,https://vp.fact.qq.com/article?id=6f6844038596d5f73b30c2611d839bd6
82427,2020-02-17,wish,灵芝可以预防新型冠状病毒,目前只是基于一些初步的细胞实验和动物实验进行的演绎...,灵芝+(防治|预防|治疗|防病毒|防感染|抗病毒|防肺炎|对抗|抵抗|杀死|抵御|消灭|阻挡|遏制|抑制|消除|杀毒|除菌|杀病毒),美国普渡大学农业与生物系食品工程专业博士,https://vp.fact.qq.com/article?id=b62b33d74db2104114324422c7dbc8aa
82428,2020-02-17,wish,鱼腥草可以预防和治疗新型冠状病毒肺炎,部分研究表明，鱼腥草具有抗病毒、抗菌、抗炎、解热等效果。但是...,鱼腥草+(预防|治疗|防病毒|防感染|抗病毒|防肺炎|对抗|抵抗|杀死|抵御|消灭|阻挡|遏制|抑制|消除|杀毒|除菌|杀病毒),药理学硕士，知贝儿科药师,https://vp.fact.qq.com/article?id=d3dcf7a7aa26a7c74d0124b2fbd10b45
82460,2020-02-17,dread,谣言：鸡鸭会传播新冠状病毒,鉴定结果：谣言权威解读：广州中医药大学第一附属医院脑病科主任医师钟嘉熙接受家庭医生在线编辑采访时曾说过：“有研究表明，食用煮熟病鸡的肉和蛋，不会感染上禽流感病毒，人们大可不必谈‘禽’色变。,(家禽|鸡鸭|鸡肉|鸭肉)+(传染|感染|传播),头条辟谣,http://toutiao.com/group/6794320964797596163/
82462,2020-02-17,wish,威士忌加蜂蜜加开水对抗新冠肺炎有效,威士忌加蜂蜜加开水就相当于低度白酒加糖...,威士忌+蜂蜜,美国普渡大学农业与生物系食品工程专业博士,https://vp.fact.qq.com/article?id=cf9fbf2e2d0954b2a327d7f6d94c2444
82463,2020-02-17,wish,杨桃叶子泡水喝能预防新型冠状病毒,杨桃叶子煮水在印度传统医学中被认为有各种功效...,杨桃叶子+(预防|治疗|防病毒|防感染|抗病毒|防肺炎|对抗|抵抗|杀死|抵御|消灭|阻挡|遏制|抑制|消除|杀毒|除菌|杀病毒),美国普渡大学农业与生物系食品工程专业博士,https://vp.fact.qq.com/article?id=f7468c048cdb1b0e6047dcbbd2473c37
82464,2020-02-17,wish,谣言：84消毒液可用于空气消毒,可以用84消毒液进行空气消毒，杀灭空气中的新冠状病菌。鉴定结果：谣言权威解读：84消毒液属于含氯消毒剂，只需要单独使用，就能起到很好的杀菌效果。,84+空气消毒,头条辟谣,http://toutiao.com/group/6794350527430787596/
82466,2020-02-18,wish,轻症患者，在家休息就能好？,,轻症+(在家|居家),中国政府网,http://www.piyao.org.cn/2020-02/18/c_1210479312.htm
82468,2020-02-18,wish,毛桃根可抗新型冠状病毒,毛桃根指的是五指毛桃。五指毛桃是一种草药，广东地区常用来煲汤...,毛桃根,腾讯旗下专业医学科普平台,https://vp.fact.qq.com/article?id=69df3a2f3c71a7cda23edd69aaa0bce3
82469,2020-02-18,dread,轻症患者手粘唾液触碰眼口鼻会转化为重症,已经感染新冠病毒的轻症患者...,轻症+重症+(唾液|唾沫|口水)+(加重|转化),药理学硕士，知贝儿科药师,https://vp.fact.qq.com/article?id=42a0437f99346b6dbe2e9ea343815fa0
82478,2020-02-18,wish,多吃生姜、含姜的食物能预防新冠肺炎吗？不能,【 多吃生姜、含姜的食物能预防新冠肺炎吗？不能】 生姜，性温，其特有的“姜辣素”能有效地治疗吃寒凉食物过多而引起的腹胀、腹痛、腹泻、呕吐等，生姜在中医药学里具有发散、止呕、止咳等功效，那么多吃生姜能预防新冠肺炎吗？医生：目前无证据显示生姜可以治疗新冠肺炎，戴口罩、勤洗手、少出门才是良方。（科学辟谣）@微博辟谣  武汉广播电视台的微博视频,姜+(预防|防病毒|防护|防感染|抗病毒|防肺炎|对抗|抵抗|杀死|抵御|消灭|阻挡|遏制|抑制|消除|杀毒|除菌|杀病毒),微博辟谣,https://www.weibo.com/1866405545/IuYlSgMqO
82482,2020-02-18,dread,谣言：鞋底会把新冠病毒带回家,鉴定结果：谣言权威解读：中国疾控中心传染病处研究员冯录召介绍到：新型冠状病毒目前主要还是通过近距离呼吸道飞沫传播或者接触传播，飞沫沉降到地面之后，鞋子就算有可能沾染到，病毒量也非常少。,鞋底+(病毒|消毒|传染|感染|传播|带回家),头条辟谣,http://toutiao.com/group/6794667847311163918/
82487,2020-02-18,dread,谣言：新冠轻症患者手粘唾液触碰眼口鼻会转化为重症,但这样会带来其他问题：1、对自己不太卫生，会增加局部感染的风险，比如眼结膜炎等；2、对别人会散播病毒颗粒，增加周围人的感染风险，或者给自己带来交叉感染的机会。,轻症+触碰+唾沫,头条辟谣,http://toutiao.com/group/6794720881286316557/
82489,2020-02-18,wish,谣言:鸵鸟蛋抗体口罩能杀死新型冠状病毒,,鸵鸟蛋+口罩,科学辟谣,https://piyao.kepuchina.cn/h5/rumordetail?id=VOvY
82490,2020-02-18,dread,过度消毒严重污染地下水？,,污染+地下水+消毒,科技日报,http://www.piyao.org.cn/2020-02/18/c_1210479413.htm
82498,2020-02-18,wish,长颈鹿充气服、公鸡服……“硬核防护服”真有用？,,玩偶服,央视新闻微信公众号,http://www.piyao.org.cn/2020-02/18/c_1210479916.htm
82500,2020-02-18,wish,胡柚能治疗新型冠状病毒肺炎,胡柚只是一种水果而已，喜欢吃的大可以吃...,胡柚+(预防|治疗|防病毒|防感染|抗病毒|防肺炎|对抗|抵抗|杀死|抵御|消灭|阻挡|遏制|抑制|消除|杀毒|除菌|杀病毒),美国普渡大学农业与生物系食品工程专业博士,https://vp.fact.qq.com/article?id=35204cac8454344d1fdeb3d0c63c12a2
82514,2020-02-18,wish,谣言：现在已经有疫苗可以控制此次疫情,近日，网上广泛流传着“现在已经有疫苗可以控制此次新冠病毒”这一消息，引起较大范围的讨论。鉴定结果：谣言权威解读：目前还没有，这次流行的新型冠状病毒是一种新病毒，疫苗只能在疫情发生后才开始研发，且研发需要时间。,(已经|已有|已经有)+疫苗+控制+(新冠|肺炎|新型冠状),头条辟谣,http://toutiao.com/group/6794696511453135373/
82530,2020-02-18,wish,【错误】网传「乔建国是武汉大学中南医院普外科医生，他推荐用来治疗新冠状肺炎的方法：非常时期每天二两白酒很可能有预防新冠状肺炎的效果...」？,网传「乔建国是武汉大学中南医院普外科医生，他推荐用来治疗新冠状肺炎的方法：非常时期每天二两白酒很可能有预防新冠状肺炎的效果」，经查： 一、中国武汉大学中南医院确有一名肝胆胰外科医师乔建国。 二、中南医院宣传部回应，此传言为乔建国私下的玩笑话，并不是对外公开的治疗建议。 三、专家表示，喝酒没有增强免疫力的效果，不宜饮酒过量。 因此，此传言为「错误」讯息。 背景 通讯软体流传讯息指出： 「转《乔建国医生建议大家在疫情防空期间都来喝二两杯》         乔建国是武汉大学中南医院普外科医生，他推荐用来治疗新冠状肺炎的方法：非常时期每天二两白酒很可能有预防新冠状肺炎的效果。因...,二两白酒+(预防|防病毒|防护|防感染|抗病毒|防肺炎|对抗|抵抗|杀死|抵御|消灭|阻挡|遏制|抑制|消除|杀毒|除菌|杀病毒),台湾事实查核中心,https://tw.news.yahoo.com/%E9%8C%AF%E8%AA%A4-%E7%B6%B2%E5%82%B3-%E5%96%AC%E5%BB%BA%E5%9C%8B%E6%98%AF%E6%AD%A6%E6%BC%A2%E5%A4%A7%E5%AD%B8%E4%B8%AD%E5%8D%97%E9%86%AB%E9%99%A2%E6%99%AE%E5%A4%96%E7%A7%91%E9%86%AB%E7%94%9F-%E4%BB%96%E6%8E%A8%E8%96%A6%E7%94%A8%E4%BE%86%E6%B2%BB%E7%99%82%E6%96%B0%E5%86%A0%E7%8B%80%E8%82%BA%E7%82%8E%E7%9A%84%E6%96%B9%E6%B3%95-%E9%9D%9E%E5%B8%B8%E6%99%82%E6%9C%9F%E6%AF%8F%E5%A4%A9%E4%BA%8C%E5%85%A9%E7%99%BD%E9%85%92%E5%BE%88%E5%8F%AF%E8%83%BD%E6%9C%89%E9%A0%90%E9%98%B2%E6%96%B0%E5%86%A0%E7%8B%80%E8%82%BA%E7%82%8E%E7%9A%84%E6%95%88%E6%9E%9C-092448710.html
82533,2020-02-18,wish,重楼可以抑制新型冠状病毒,在传统医学中，重楼是一种清热寒凉的药材，其主要活性成分为甾体皂苷...,中药+重楼+(预防|治疗|防病毒|防感染|抗病毒|防肺炎|对抗|抵抗|杀死|抵御|消灭|阻挡|遏制|抑制|消除|杀毒|除菌|杀病毒),腾讯旗下专业医学科普平台,https://vp.fact.qq.com/article?id=69c7bb4c969afaee23702b4de34a994c
82535,2020-02-18,dread,谣言：瑞德西韦被淘汰了,有人说药物瑞德西韦被淘汰了鉴定结果：谣言权威解读：瑞德西韦的生产厂家吉利德科学首席医疗官默达·帕西在接受新华社采访时透露，目前瑞德西韦正在中国中日友好医院进行临床试验，该试验至少需要一个月才能结束并进行数据分析得出结论。,瑞德西韦+被淘汰,头条辟谣,http://toutiao.com/group/6794676357268767245/
82541,2020-02-18,wish,谣言：自制口罩可以防止新冠状病毒感染,疫情发生以来，网络上出现了很多“自制口罩”的办法，除了用厨房专用纸，还有人用果皮，甚至在棉布口罩外加一层塑料袋或保鲜膜，或棉布、保鲜膜、纱布叠放。,自制口罩,头条辟谣,http://toutiao.com/group/6794708494076346891/
82543,2020-02-18,wish,谣言：自限性疾病代表不需要治疗,日前，有医务人员表示，新冠肺炎是一种自限性疾病，不需要特殊干预，也无需特殊病因治疗，最终病人就可以自愈，所以并不需要特殊治疗。,自限性疾病+治疗,头条辟谣,http://toutiao.com/group/6794364804338287115/
82554,2020-02-19,wish,谣言:口罩能水洗还能水煮杀菌,,水洗+(能|可)+口罩,科学辟谣,https://piyao.kepuchina.cn/h5/rumordetail?id=qobj
82574,2020-02-19,dread,【错误】传言引述研究指称「武汉病毒以ACE-2外肽酶作为病毒受体，东亚人种体内的ACE-2，是非东亚人种的4-5倍...」？,传言引述研究指称「武汉病毒以ACE-2外肽酶作为病毒受体，东亚人种体内的ACE-2，是非东亚人种的4-5倍...」，经查： 一、传言引述的研究为2005年的研究，这项研究是针对SARS病毒，并非引发武汉肺炎的「新型冠状病毒」。 二、研究发现，分化的上皮细胞ACE2较多，而SARS病毒比较容易感染在人类唿吸道分化的上皮细胞，因此推论ACE2与SARS-CoV的感染机率有相关，但没有直接证据证明ACE2较多就容易感染SARS。 三、这项研究完全没有提及「东亚人的ACE2是非东亚人的4-5倍」。 因此，传言为「错误」讯息。 【补充说明】 根据第291号查核报告，「ACE2」的原...,ACE2+易,台湾事实查核中心,https://tw.news.yahoo.com/%E9%8C%AF%E8%AA%A4-%E5%82%B3%E8%A8%80%E5%BC%95%E8%BF%B0%E7%A0%94%E7%A9%B6%E6%8C%87%E7%A8%B1-%E6%AD%A6%E6%BC%A2%E7%97%85%E6%AF%92%E4%BB%A5ace-2%E5%A4%96%E8%82%BD%E9%85%B6%E4%BD%9C%E7%82%BA%E7%97%85%E6%AF%92%E5%8F%97%E9%AB%94-%E6%9D%B1%E4%BA%9E%E4%BA%BA%E7%A8%AE%E9%AB%94%E5%85%A7%E7%9A%84ace-091048848.html
82608,2020-02-19,dread,新型冠状病毒损伤肾脏和睾丸，因此会影响生育,最近有研究发现，新冠病毒会损伤肾脏和睾丸...,病毒+(肾脏|肾|睾丸),天津市泰达医院肾内科主任医师,https://vp.fact.qq.com/article?id=047d9cbe082d4ef12c6ba7843d678f7c
82672,2020-02-20,dread,病毒容易穿透衣物造成感染,中国疾控中心研究员冯录召：病毒通过污染衣物传染人的几率极低。如果不是去过特定的场所，如去医院探视过病人或接触过可疑症状的人，不需要对衣服进行专门消毒。,(衣服|衣物)+(穿透|通过|透过)+病毒+(传染|感染|传播|风险),央视新闻,alipays://platformapi/startapp?appId=20000909&url=%2Fwww%2Fmsg.html%3FpublicId%3D2018060460336001%26msgId%3D20180604603360019fb2d2a3-f8bd-4e65-8fb8-ce588cdb2e11
82687,2020-02-20,wish,蜂毒（蜂针和蜂毒注射液治疗）能抑制新型冠状病毒,蜂毒是由蜜蜂蜇针排出的一种生物毒素...,蜂毒+(预防|治疗|防病毒|防感染|抗病毒|防肺炎|对抗|抵抗|杀死|抵御|消灭|阻挡|遏制|抑制|消除|杀毒|除菌|杀病毒),腾讯旗下专业医学科普平台,https://vp.fact.qq.com/article?id=6d4eb2083873aaa55d8ec9a5ebcde709
82689,2020-02-20,dread,买回家的蔬菜必须用75%的酒精消毒,买回家的蔬菜应该清洗。科学的做法是，吃前用流水冲洗蔬菜表面就可以...,(蔬菜|菜|青菜)+酒精+消毒,食品与营养信息交流中心科学技术部主任,https://vp.fact.qq.com/article?id=f9496cffd016f5d3091eb4203be9a8d2
82693,2020-02-20,dread,谣言：使用红外线测温枪会引发白内障,网传消息：近日，一则“红外线测温枪会导致眼部损伤”的说法也不胫而走。该说法称，由于眼球含有较多的液体，对红外线吸收能力较强，使用红外线测温枪可能会引起白内障。,红外线+(眼|白内障),头条辟谣,http://toutiao.com/group/6795474919313375755/
82714,2020-02-21,dread,新型冠状病毒能通过皮肤侵入人体,中国科学院院士周琪表示，目前病毒进入人体都是通过黏膜...,皮肤+(进入|侵入|透过)+人体,央视新闻,https://vp.fact.qq.com/article?id=686cf40bd93e27733190a687caacfa53
82715,2020-02-21,wish,谣言：精油芳疗可以预防新冠肺炎,在该精油的商品详情页上，表示当消费者有胃痛、腹泻、便秘、肠胃不适、免疫力低下、体质弱、更年期综合症等症状，均可以使用本精油，但并未提及与新型冠状病毒有关的字眼。,精油+芳疗+(预防|治疗|防病毒|防感染|抗病毒|防肺炎|对抗|抵抗|杀死|抵御|消灭|阻挡|遏制|抑制|消除|杀毒|除菌|杀病毒),头条辟谣,http://toutiao.com/group/6795817661583327747/
82725,2020-02-21,dread,闻到新冠肺炎患者的屁，就会感染新冠病毒,已知的情况是...,屁+(感染|传染|传播),药理学硕士，知贝儿科药师,https://vp.fact.qq.com/article?id=17c24997bd6dae6001cbc05d4aab6cc6
82742,2020-02-21,dread,淋浴式”消毒会影响水质？谣言，别信！,“淋浴式”消毒会影响水质？谣言，别信！,淋浴式+水质+消毒,微博辟谣,https://www.weibo.com/1866405545/Ivfq7A09X
82778,2020-02-22,dread,尚无定论：循环使用的地铁票和公交票会传播病毒,虽然循环使用的地铁票和公交票感染病毒的风险概率极低，但为了避免接触到新冠病毒的可能，出行时推荐使用个人交通卡或手机APP 支付方式。,公交票+(传染|感染|传播),头条辟谣,http://toutiao.com/group/6796112297593930243/
82781,2020-02-22,dread,病毒会沾在头发上，每次外出回家都需要洗头,一般情况下，公众外出回家后不需要专门洗头或消毒...,洗头+(外出|出门|回来|回家),中国疾控中心研究员_,https://vp.fact.qq.com/article?id=d2f5c0839c188162383c97f04c5432fc
82783,2020-02-22,wish,75度酒精直接喷洒衣服消毒,,酒精喷洒+(衣服|衣物),央视新闻,http://www.piyao.org.cn/2020-02/22/c_1210485336.htm
82818,2020-02-22,dread,循环使用的地铁票会传播病毒,目前新冠病毒的主要传播方式仍以飞沫和接触传播为主...,地铁票+(传染|感染|传播),冯录召,https://vp.fact.qq.com/article?id=cbbd2f933b84dda2dd9996f3cc53b656
82832,2020-02-23,wish,一次性口罩垫片可以起到防护作用,从理论上说，有作用，可在一定程度上增加口罩的使用时间...,垫片+口罩,东华大学产业用纺织品教育部工程中心副教授,https://vp.fact.qq.com/article?id=f5fef32dc02d369c067580cbeff76c9c
82853,2020-02-23,dread,谣言：吸入下水道里的空气会感染新冠病毒,鉴定结果：谣言权威解读：世卫组织表示，截至目前，尚未有任何有效证据证明，吸入下水道或排水沟里的空气会感染COVID-19。,下水道+空气+(感染|吸入),头条辟谣,http://toutiao.com/group/6796549714381636108/
82901,2020-02-24,dread,接触到新冠肺炎患者的汗水就会感染新冠病毒,体液能不能造成感染，关键在于体液是怎么接触的以及接触了哪里...,(汗液|汗水)+(感染|传染|传播),药理学硕士，知贝儿科药师,https://vp.fact.qq.com/article?id=caa2273a02f6059fd538c6147d64eb7b
82945,2020-02-24,wish,钟南山：至今确诊一万多例，无一素食者感染新冠病毒？谣言，别信！,钟南山：至今确诊一万多例，无一素食者感染新冠病毒？谣言，别信！,(吃素|食素)+(病毒|肺炎|新冠|新型冠状),微博辟谣,https://www.weibo.com/1866405545/IvJ6yxv0v
82963,2020-02-25,wish,尚无定论：天津大学团队研发的新冠口服疫苗，有效且无副作用,也就是1）表面展示和 2）分泌，其实非常好理解，就是字面意思：表面展示就是酵母的外表面镶嵌了表达的外源蛋白；分泌表达就是酵母把表达的外源蛋白通过“胞吐”等方式“吐”了出来，这是一种游离形式。【2】保护性抗原对于疫苗制备来说，如果是分泌表达，其实我们大家也不陌生。我们现在使用的乙型,(天津|天大)+疫苗+(新冠|肺炎|新型冠状),头条辟谣,http://toutiao.com/group/6797269377067516430/
82972,2020-02-25,wish, 对新冠肺炎患者，低分子肝素可以有效治疗血栓,抗凝药物（比如低分子肝素）来防治弥散性血管内凝血（DIC）有着理论...,低分子肝素+血栓,北京大学第一医院感染疾病科副主任医师,https://vp.fact.qq.com/article?id=9925788d3a7d166095ec680977c9d9da
82974,2020-02-25,dread,谣言：网上团购的生鲜食物会携带新冠病毒,网传消息：近日，不少人选择网购生鲜食物，如蔬菜、水果、肉类等，在方便的情况下，大家也很担心，网上团购的生鲜食物会携带新冠病毒。,生鲜+(食材|食品|食物)+病毒+(新冠|肺炎|新型冠状),头条辟谣,http://toutiao.com/group/6797324836738695683/
83028,2020-02-25,wish,土霉素就是磷酸氯喹，可以用来治疗新冠肺炎？这是两码事儿,具有一定体外抑制活性。其最早是作为抗疟药出现，在2003年研究时发现，可有效预防和阻止SARS病毒在细胞中的复制。,(土霉素|磷酸氯喹)+(治疗|特效药),微博辟谣,https://www.weibo.com/1866405545/IvSOrjccv
83067,2020-02-26,wish,谣言：光催化设备能杀死新型冠状病毒,鉴定结果：谣言权威解读：光催化设备的作用机制是利用光照射半导体材料形成的活性氧成分清除挥发性有机污染物，例如在无法通风的密闭空间中除甲醛等，但并不能杀灭空气中的微生物。事实上，病毒不可能长时间飘浮在空气中还保持活性，因此利用光催化设备不仅无用，也完全没有必要。,光催化,头条辟谣,http://toutiao.com/group/6797626477941621252/
83099,2020-02-26,wish,喝单枞茶可以预防新冠肺炎,网络流传的“钟南山发布多喝单枞茶对防止肺炎有重大效果”的截图是假的...,单枞茶+(预防|治疗|防病毒|防感染|抗病毒|防肺炎|对抗|抵抗|杀死|抵御|消灭|阻挡|遏制|抑制|消除|杀毒|除菌|杀病毒),美国普渡大学农业与生物系食品工程专业博士,https://vp.fact.qq.com/article?id=cc491ac5acf11a2f07534e7b4b09496a
83103,2020-02-27,wish,谣言:免洗洗手液清洁效果比水更好（有争议）,,免洗洗手液+效果+更好+水,科学辟谣,https://piyao.kepuchina.cn/h5/rumordetail?id=XkwL
83111,2020-02-27,wish,苦木注射液对新冠肺炎的治疗有效,苦木注射液清热，解毒，消炎...,苦木注射液,腾讯旗下专业医学科普平台,https://vp.fact.qq.com/article?id=2f0a97946f42aa3c00552d4dd04de892
83125,2020-02-27,dread,疫情期间不应接种疫苗,不是所有疫苗都可以暂缓接种。据央视新闻消息，中国疾控中心研究员冯录召表示，新生儿第一针乙肝疫苗和卡介苗，应该及时安排接种；狂犬病和破伤风必须按照疫苗接种程序及时接种。,(接种|打)+疫苗,央视新闻,alipays://platformapi/startapp?appId=20000909&url=%2Fwww%2Fmsg.html%3FpublicId%3D2018060460336001%26msgId%3D2018060460336001e4db0634-1275-438c-b936-f40a039eae94
83164,2020-02-27,dread,疫情期间橘子不能边剥边吃,正常橘子并不携带病毒，手上也不会有病毒...,边剥边吃,美国普渡大学农业与生物系食品工程专业博士,https://vp.fact.qq.com/article?id=69e83a828253065074420421965740f5
83234,2020-02-28,wish,鸡屎藤能预防新型冠状病毒,鸡屎藤又名鸡矢藤，是一种常见的中药药材...,鸡屎藤+(不死|预防|治疗|防病毒|防感染|抗病毒|防肺炎|对抗|抵抗|杀死|抵御|消灭|阻挡|遏制|抑制|消除|杀毒|除菌|杀病毒|抗疫情),腾讯旗下专业医学科普平台,https://vp.fact.qq.com/article?id=0aa8aa3dbfe13009b2ed2fe79e4f56a2
83315,2020-02-29,wish,改用吸痰机救治新冠肺炎患者可降低死亡率？,,吸痰机,中央广电总台中国之声微信公号,http://www.piyao.org.cn/2020-02/29/c_1210495148.htm
83319,2020-02-29,wish,辟谣侠盟丨开空调能杀死新冠病毒？警惕不实信息干扰抗疫工作,当前，举国上下正_力同心打一场抗击疫情的人民战争。可以看到，得益于互联网技术的快速发展，相比以往，人们拥有更多元便捷的手段获取各类疫情资讯，为疫情防控提供了强大助力。但与此同时，更丰富的资讯也容易导致不实信息滋生蔓延，进而诱发一系列“次生灾害”。,开空调+(预防|治疗|防病毒|防感染|抗病毒|防肺炎|对抗|抵抗|杀死|抵御|消灭|阻挡|遏制|抑制|消除|杀毒|除菌|杀病毒),0,https://moment.rednet.cn/content/2020/02/29/6821973.html
83323,2020-02-29,dread,谣言：疫情期间车轱辘也需要消毒,鉴定结果：谣言权威解读：对于传言的车轱辘消毒、楼道空气消毒、鞋底消毒、快递外卖包装消毒、空旷地面消毒，北京市疾控中心表示，这些行为都属于过度消毒。,(车轮|车轱辘)+消毒,头条辟谣,http://toutiao.com/group/6798765843128779267/
83371,2020-03-01,dread,辟谣侠盟丨武汉死亡人数居高，是因用呼吸机后产生痰栓致人缺氧？谣言,2月28日下午，一则关于新型冠状病毒肺炎病患遗体解剖发现的传言出现在网络上，随后被某微博大V转发，引发广泛关注。该传言称，遗体解剖发现，新冠肺炎死者肺部有大量痰栓，痰栓导致缺氧是死因。传言随即话锋一转，称痰栓出现是因为使用了呼吸机，而改用吸痰机后，“武汉今天死亡人数首次下降一半，从每天一百多人，突降至五十多人”。为了让传言更具可信度，还特意点出这一遗体解剖发现要感谢“同济法医系刘良教授团队”。,呼吸机+痰栓,0,https://moment.rednet.cn/content/2020/03/01/6823619.html
83386,2020-03-02,wish,谣言:洋葱可以吸附新冠病毒,,洋葱+吸附+病毒,科学辟谣,https://piyao.kepuchina.cn/h5/rumordetail?id=RJXA
83404,2020-03-02,wish,谣言：安宫牛黄丸可预防新冠肺炎,【谣言：安宫牛黄丸可预防新冠肺炎】近日，有消息称安宫牛黄丸可预防新冠肺炎。鉴定结果：谣言权威解读：安宫牛黄丸不能预防新冠肺炎，该药属于急救药品，用于热闭证。该药不是《新型冠状病毒肺炎诊疗方案（试行第六版）》推荐的治疗新冠肺炎的药物，切记不可滥用。该药清热解毒，镇惊开窍。用于热病，邪入心包，高热惊厥，神昏谵语；中风昏迷及脑炎、脑膜炎、中毒性脑病、脑出血、败血症见上述证候者。安宫牛黄丸药性寒凉，请遵医嘱辨证使用。素体脾胃虚寒者慎用；孕妇慎用；肾功能不全者慎用；过敏体质者慎用；哺乳期妇女、儿童、老年人使用本品应遵医嘱。（来源：光明网）,安宫牛黄丸,微博辟谣,https://www.weibo.com/1866405545/IwNqA3hy7
83411,2020-03-02,wish,青蒿素可以治疗新型冠状病毒肺炎,近几年...,青蒿素+(预防|治疗|防病毒|防感染|抗病毒|防肺炎|对抗|抵抗|杀死|抵御|消灭|阻挡|遏制|抑制|消除|杀毒|除菌|杀病毒),药理学硕士，知贝儿科药师,https://vp.fact.qq.com/article?id=5cec35b94bfdcf6395f318d6debcc36b
83414,2020-03-02,dread,室内用紫外线消毒不能灭活新冠病毒？不要被这些疫情谣言蒙蔽,,室内+紫外线+不能+灭活,中国互联网联合辟谣平台,http://www.piyao.org.cn/2020-03/02/c_1210497403.htm
83441,2020-03-02,wish,疫情期间可通过大强度的锻炼来提高抵抗力？,,强度+锻炼+(提升|提高)+(免疫力|抵抗力),健康中国微信公众号,http://www.piyao.org.cn/2020-03/02/c_1210497947.htm
83447,2020-03-02,wish,李跃华的穴位注射苯酚疗法对新冠肺炎治疗有效,针灸是一种传统医学中的治疗方式。此前针对针灸到底是否有效...,(注射|穴位|疗法)+苯酚+(预防|治疗|防病毒|防感染|抗病毒|防肺炎|对抗|抵抗|杀死|抵御|消灭|阻挡|遏制|抑制|消除|杀毒|除菌|杀病毒),腾讯旗下专业医学科普平台,https://vp.fact.qq.com/article?id=8658ac436dabd86be6605e47e7bff3c0
83462,2020-03-03,wish,谣言：所在的区域被认定为低风险，出门就不需要戴口罩,对个人来讲保持良好的卫生习惯，比如戴口罩、勤洗手、通风清洁，注意咳嗽礼仪，减少人员聚集，复工复产后注意与同事保持一定的安全距离、分散就餐等等，这些都会有效地降低感染风险。,低风险+戴口罩,头条辟谣,http://toutiao.com/group/6799924761108414980/
83470,2020-03-03,wish,上海防疫专家建议放鞭炮消除病毒？谣言，别信！,上海防疫专家建议放鞭炮消除病毒？谣言，别信！,(烟花|爆竹)+(防治|预防|治疗|防病毒|防感染|抗病毒|防肺炎|对抗|抵抗|杀死|抵御|消灭|阻挡|遏制|抑制|消除|杀毒|除菌|杀病毒),微博辟谣,https://www.weibo.com/1866405545/IwWw3sLpL
83488,2020-03-03,wish,疫情期间吃得越补越好？,,吃+越补越好,科普中国,http://www.piyao.org.cn/2020-03/03/c_1210499276.htm
83491,2020-03-03,wish,谣言:日本除菌卡（消毒卡）挂身上能预防新型冠状病毒,,(消毒卡|除菌卡|病毒防护卡)+(新冠|肺炎|新型冠状),科学辟谣,https://piyao.kepuchina.cn/h5/rumordetail?id=JyXv
83497,2020-03-03,wish,谣言:城市、小区大范围喷洒消毒可防止病毒传播,,大范围+消毒,科学辟谣,https://piyao.kepuchina.cn/h5/rumordetail?id=dglm
83524,2020-03-04,wish,谣言：花岗岩能防新冠肺炎,网传消息：3月3日，日本网传花岗岩能防止感染新冠肺炎，众多网站开始售卖，称泡澡时使用可以杀菌，更有甚者呼吁去摩川寻找石头，还有人建议玄武石效果更好。,花岗岩+(预防|治疗|防病毒|防感染|抗病毒|防肺炎|对抗|抵抗|杀死|抵御|消灭|阻挡|遏制|抑制|消除|杀毒|除菌|杀病毒),头条辟谣,http://toutiao.com/group/6800281099965563404/
83525,2020-03-04,wish,谣言：连花清瘟胶囊/颗粒可预防新冠肺炎,网传消息：连花清瘟胶囊对缓解感冒有功效，也有清热解毒的功效，因此，服用连花清瘟胶囊/颗粒可预防新冠肺炎。鉴定结果：谣言权威解读：连花清瘟胶囊/颗粒，可清瘟解毒，宣肺泄热。,连花清瘟+(预防|治疗|防病毒|防感染|抗病毒|防肺炎|对抗|抵抗|杀死|抵御|消灭|阻挡|遏制|抑制|消除|杀毒|除菌|杀病毒),头条辟谣,http://toutiao.com/group/6800180878694679048/
83543,2020-03-04,dread,降压药会增加高血压患者感染病毒的风险,目前尚无证据证明降压药会增加高血压患者感染病毒的风险...,降压药+(传染|感染|传播|风险|增加|加重|加速|疫情),天津市泰达医院肾内科主任医师,https://vp.fact.qq.com/article?id=bb8c574be94cf16fdbd4fc79a7d0236a
83544,2020-03-04,wish,用烟草能研发出新冠肺炎疫苗,“用烟草制造新冠肺炎疫苗”的新闻报道有误...,烟草+研发+疫苗,宾夕法尼亚大学医学院病理及实验医药系研究副教授,https://vp.fact.qq.com/article?id=585e6ceed3988777967962f83b12080c
83562,2020-03-04,dread,二手烟会传播新冠病毒吗？专家：单纯二手烟雾不属于飞沫传播,【新京报我们视频的秒拍视频,(香烟|烟雾|二手烟|吸烟|抽烟)+(感染|传染|传播),微博辟谣,https://www.weibo.com/1866405545/IxfTTqpoL
83577,2020-03-04,wish,谣言：空气杀菌电热片能预防新冠肺炎病毒交叉传播感染,通过进一步核查，执法人员发现，这个电热片，具备一定杀灭自然菌的作用，但广告主无法提供预防交叉传播感染的证明文件，“我们立即要求广告主停止发布，避免造成公众误解。”,电热片+预防,头条辟谣,http://toutiao.com/group/6800182116102439432/
83635,2020-03-05,wish,谣言：黄连上清片可预防新冠肺炎,鉴定结果：谣言权威解读：目前没有任何证据表明黄连上清片可用于预防新冠肺炎。黄连上清片具有清热通便、散风止痛的作用，适用于内热火盛引起的头晕脑胀、牙龈肿痛、口舌生疮、咽喉红肿、大便干燥等。,黄连上清+(预防|治疗|防病毒|防感染|抗病毒|防肺炎|对抗|抵抗|杀死|抵御|消灭|阻挡|遏制|抑制|消除|杀毒|除菌|杀病毒),头条辟谣,http://toutiao.com/group/6800662192745087501/
83637,2020-03-05,dread,谣言:新冠肺炎患者肺部被病毒啃噬，肺功能不可恢复,,啃噬+(肺部|肺功能|肺),科学辟谣,https://piyao.kepuchina.cn/h5/rumordetail?id=nXjD
83663,2020-03-06,dread,谣言：湖北产地的水果不能吃,网传消息：疫情发生以来，不少人谈鄂色变，面对脐橙之乡湖北秭归17万吨滞销脐橙，众多网友表示有心助农但担心传染不敢购买。,湖北+水果+(传染|感染|传播|风险|病毒),头条辟谣,http://toutiao.com/group/6801028912664019459/
83686,2020-03-06,wish,谣言：使用二氧化氯贴片能预防新型冠状病毒,鉴定结果：谣言权威解读：这则传言系谣言，切勿使用二氧化氯贴片贴在身上预防新型冠状病毒，会严重伤害身体。,二氧化氯贴片,头条辟谣,http://toutiao.com/group/6800930036468679179/
83688,2020-03-06,wish,注射康复者血浆能让新冠肺炎感染者立刻康复？谣言，别信！,注射康复者血浆能让新冠肺炎感染者立刻康复？谣言，别信！,注射+血浆+(立刻|立即|马上|很快)+康复,微博辟谣,https://www.weibo.com/1866405545/Ixp7Tv5gF
83697,2020-03-06,wish,“抗病毒”的食物可防治新冠肺炎？假的！,明医识药·“疫”真相丨“抗病毒”的食物可防治新冠肺炎？【真相】不能。【辨析】大蒜、乳铁蛋白、花菇等传言的“抗病毒”食物虽有一定的营养价值，但都没有明确的抗病毒作用，也不能预防和治疗新冠肺炎。【提示】疫情期间，饮食要营养均衡，注意荤素、粗细搭配，多吃新鲜水果蔬菜，多喝水，提高自身免疫力。,抗病毒+食物+预防+(新冠|冠状|新型冠状|肺炎)抗病毒+食物+(预防|防治)+(新冠|冠状|新型冠状),微博辟谣,https://www.weibo.com/1866405545/IxyG8vLUU
83698,2020-03-06,wish,谣言：口服抗菌药可预防新冠肺炎,鉴定结果：谣言权威解读：口服抗菌药不能预防新冠肺炎。即便是新冠肺炎确诊病例，也应避免盲目或不恰当地使用抗菌药治疗，以免增加副作用和耐药风险。,口服抗菌药+(预防|治疗|防病毒|防感染|抗病毒|防肺炎|对抗|抵抗|杀死|抵御|消灭|阻挡|遏制|抑制|消除|杀毒|除菌|杀病毒),头条辟谣,http://toutiao.com/group/6800956368871227907/
83705,2020-03-06,wish,谣言：接种了流感疫苗就不容易被新型冠状病毒感染,鉴定结果：谣言权威解读：流感疫苗是灭活的流感病毒，它能刺激机体，产生免疫反应和抗体，当再次流感病毒入侵，我们的机体就会识别它，通过免疫功能和抗体杀灭流感病毒，避免我们得病。,(接种|打|打了)+流感疫苗+(易感|不容易|不易|预防|治疗|防病毒|防感染|抗病毒|防肺炎|对抗|抵抗|杀死|抵御|消灭|阻挡|遏制|抑制|消除|杀毒|除菌|杀病毒)+(新冠|肺炎|新型冠状),头条辟谣,http://toutiao.com/group/6801020991406342669/
83710,2020-03-06,wish,有CN95认证的车可以防新冠病毒？,,车+CN95+防+(病毒|新冠病毒|肺炎|新冠肺炎|冠状病毒|冠状),科普中国-科学辟谣,http://www.piyao.org.cn/2020-03/06/c_1210502823.htm
83734,2020-03-07,wish,谣言：伏特加、龙舌兰可以自制酒精洗手液,网传消息：疫情期间，有些网友用伏特加等高纯度酒来自制洗手液，认为可以代替正规渠道购买的洗手液，起到杀毒灭菌的效果。,伏特加+洗手液,头条辟谣,http://toutiao.com/group/6801300382183064068/
83736,2020-03-07,wish,新冠病毒会在夏季自行消失,世界卫生组织卫生紧急项目执行主任迈克尔·瑞安在日内瓦表示...,(夏季|夏天)+(自行|消失),腾讯新闻旗下专业事实查证平台,https://vp.fact.qq.com/article?id=1469a8620635c913d4c18abbcfe1e9de
83740,2020-03-07,wish,谣言：丙种球蛋白能预防新冠肺炎,鉴定结果：谣言权威解读：丙种球蛋白是由健康人血浆，经低温乙醇法分离提取并经病毒灭活处理的免疫球蛋白制品，含有广谱抗病毒、细菌或其他病原体的IgG抗体。,丙种球蛋白+预防,头条辟谣,http://toutiao.com/group/6801371726178419211/
83741,2020-03-07,wish,谣言：抗病毒喷剂可预防新冠肺炎,鉴定结果：谣言权威解读：对此要理性看待，抗病毒喷剂的主要抗病毒成分是干扰素。干扰素有广谱抗病毒、免疫调节等作用，雾化吸入可试用于新冠肺炎患者的治疗。,抗病毒喷剂+(预防|治疗|防病毒|防感染|抗病毒|防肺炎|对抗|抵抗|杀死|抵御|消灭|阻挡|遏制|抑制|消除|杀毒|除菌|杀病毒),头条辟谣,http://toutiao.com/group/6801311644522643982/
83742,2020-03-07,wish,谣言：免疫力强的人不易感染新型冠状病毒,网传消息：近日，有网友称免疫力强的人不易感染新型冠状病毒。对于“免疫力强”的人，新型冠状病毒肺炎一样存在很大威胁。,(免疫力|抵抗力)+(强|增强)+(容易|不易),头条辟谣,http://toutiao.com/group/6801338736547201540/
83743,2020-03-07,wish,抗流感药物可预防新冠肺炎？不能！,明医识药·“疫”真相丨抗流感药物可预防新冠肺炎？【真相】不能。【辨析】虽然流感也是由病毒引起的，但流感病毒与新冠病毒并不是同一种，结构和特点有明显不同。目前因尚无抗新冠病毒的特效药，虽然在治疗新冠肺炎患者时试用了抗流感药物，但还没有证据显示抗流感药物可预防新冠肺炎。【提示】，有新冠肺炎疑似症状者应及时就医，切忌自行服药预防和治疗。,抗流感药物+预防+(新冠|冠状|新型冠状|肺炎),微博辟谣,https://www.weibo.com/1866405545/IxyRGbXj8
83744,2020-03-07,dread,谣言：冠状病毒体积太小，戴口罩防不住,网传消息：有消息称，冠状病毒非常微小，会穿过口罩传染给人。鉴定结果：谣言权威解读：新型冠状病毒颗粒呈圆形或椭圆形，直径60〜140nm，外面围绕一层具有太阳帽刺突状的包膜，所以称它为冠状病毒。,病毒+(太小|很小)+口罩,头条辟谣,http://toutiao.com/group/6801364026530988555/
83752,2020-03-07,wish,谣言：脾氨肽可预防新型冠状病毒肺炎,虽有文献资料证实脾氨肽可用于预防或辅助治疗某些病毒感染，但是目前尚无临床证据表明脾氨肽可用于预防新冠肺炎。,脾氨肽+(预防|治疗|防病毒|防感染|抗病毒|防肺炎|对抗|抵抗|杀死|抵御|消灭|阻挡|遏制|抑制|消除|杀毒|除菌|杀病毒),头条辟谣,http://toutiao.com/group/6801391108224975364/
83777,2020-03-08,wish,每天用肥皂洗鼻窦可以降低感染肺炎风险,鼻窦是鼻腔里的孔洞，人有4对8个鼻窦...,(清洗|洗)+鼻窦,药理学硕士，知贝儿科药师,https://vp.fact.qq.com/article?id=ecbe8f4ec01424ae23abd228af20ea57
83778,2020-03-08,dread,尚无定论：新冠肺炎确诊患者母乳中含有病毒,鉴定结果：尚无定论权威解读：北京大学第三医院产科主任、主任医师赵扬玉表示，目前确诊患者乳汁中没有检测到新冠病毒的核酸，但是病例数太少、尚不能完全确认感染新冠肺炎产妇的乳汁中是否有病毒。,母乳+病毒,头条辟谣,http://toutiao.com/group/6801763667902726670/
83807,2020-03-09,dread,钟南山预测：五年后人民体质会整体下降，养生是防火,流传说法里提到的“五年后人民体质会整体下降...,体质下降+年,腾讯新闻旗下专业事实查证平台,https://vp.fact.qq.com/article?id=0e3e1682719d3fef6758e70d311bc4f4
83821,2020-03-09,wish,谣言：新冠肺炎和流感差不多,鉴定结果：谣言权威解读：这是一个完全错误的判断。虽然还需要一段时间才能确定新冠肺炎的病亡率，但目前数据表明，新冠肺炎病亡率大概在3%至4%，而季节性流感病亡率通常远低于0.1%。,流感差不多,头条辟谣,http://toutiao.com/group/6802084132126982668/
83825,2020-03-09,dread,狗能感染新冠并传染给人,针对香港出现宠物狗检测出新冠病毒弱阳性，世卫组织紧急项目技术主管玛丽亚·范·科霍夫表示，目前宠物狗状态良好，没有相关症状，目前只有此一例狗感染新冠病毒案例，并不是病毒传播的主要途径，尚无人狗之间传播新冠病毒的证据。,狗+人+(传染|感染|传播),人民日报,alipays://platformapi/startapp?appId=20000909&url=%2Fwww%2Fmsg.html%3FpublicId%3D2018060460336001%26msgId%3D2018060460336001aa8694d8-ff2b-45a0-b9c8-32ab6a6a168e
83850,2020-03-10,wish,有争议：新冠病毒能在康复者体内存留数周但传染力变弱,网传消息：四名患者在康复后新冠病毒检测又呈阳性，有媒体报道称冠状病毒可能在他们体内继续存留数周但传染力变弱。,康复者+变弱,头条辟谣,http://toutiao.com/group/6802475404524257806/
83918,2020-03-11,wish,谣言：喝板蓝根可以预防新冠肺炎,鉴定结果：谣言权威解读：目前并没有相关的临床及实验数据支持板蓝根对预防新型冠状病毒感染有效，上述网传消息是谣言。,板蓝根+(预防|治疗|防病毒|防感染|抗病毒|防肺炎|对抗|抵抗|杀死|抵御|消灭|阻挡|遏制|抑制|消除|杀毒|除菌|杀病毒),头条辟谣,http://toutiao.com/group/6802877640232403463/
83919,2020-03-11,wish,谣言：至少每15分钟喝次水可预防感染新冠状病毒,网传消息：网传消息称只要每15分钟喝一两口水，随时保持喉咙润湿，即使不慎吸入新冠病毒，病毒也会随食道进入胃部，而胃酸能够有效地杀死病毒。,分钟+(十五|15)+喝水,头条辟谣,http://toutiao.com/group/6802854522159890957/
83923,2020-03-11,wish,谣言：新冠肺炎患者“救命血浆”任何人都可以献,网传消息：近日，有爱心网友在社交平台称，新冠肺炎患者需要血浆的话，我可以捐献，我身体好，多抽两次没关系的！,救命血浆+任何人都可以献,头条辟谣,http://toutiao.com/group/6802770235611939331/
83926,2020-03-11,dread,新型冠状病毒和乙肝病毒一样,乙肝有急性和慢性之分，慢性乙肝属于持续性病毒感染中的慢性感染...,乙肝+一样+(病毒|新冠病毒|肺炎|新冠肺炎|冠状病毒|冠状),病原生物学博士，科普作者,https://vp.fact.qq.com/article?id=a480afa5ed7fd86cb729c8649f8918f4
83943,2020-03-11,wish,谣言：可卡因可治愈新冠肺炎,法国社会事务和卫生部在推特上说:“可卡因不能预防新冠病毒，相反，这是一种会使人上瘾的药物，会引起严重的副作用，对人体健康有害。”,可卡因+(治疗|杀死|治愈|预防),头条辟谣,http://toutiao.com/group/6802824105729982990/
83959,2020-03-11,dread,谣言：咳嗽原因是感染新冠肺炎,咳嗽只是一种表现，导致咳嗽的原因有很多种：感冒、过敏、药物、情绪激动、抽烟、咽炎、喉炎、呼吸道感染等。,(干咳|咳嗽)+原因+(传染|感染|传播|得了)+(肺炎|新冠|新型冠状),头条辟谣,http://toutiao.com/group/6802846831979004419/
83973,2020-03-11,dread,辟谣侠盟｜输注恢复期血浆会感染乙肝、梅毒或者其他病毒？谣言,国家卫健委最新发布的《新型冠状病毒肺炎诊疗方案（试行第七版）》中明确提出，对病情进展较快、重型和危重型病例的治疗可采用恢复期血浆治疗。2．新冠病毒血清/血浆总抗体定性检测呈反应性且320倍稀释后按照试剂说明书要求检测仍为阳性。,恢复期血浆+(乙肝|梅毒),0,https://moment.rednet.cn/content/2020/03/11/6852866.html
83979,2020-03-12,wish,谣言:益生菌能提高免疫力预防新冠肺炎,,益生菌+(防治|杀灭|预防|治疗|防病毒|防感染|抗病毒|防肺炎|对抗|抵抗|杀死|抵御|消灭|阻挡|遏制|抑制|消除|杀毒|除菌|杀病毒),科学辟谣,https://piyao.kepuchina.cn/h5/rumordetail?id=orDg
83989,2020-03-12,wish,喝盐水能杀灭新冠病毒？,,盐水+(杀灭|预防|治疗|防病毒|防感染|抗病毒|防肺炎|对抗|抵抗|杀死|抵御|消灭|阻挡|遏制|抑制|消除|杀毒|除菌|杀病毒),@科学辟谣,http://www.piyao.org.cn/2020-03/12/c_1210511895.htm
84036,2020-03-13,dread,【部分错误】多家媒体报导「钟南山：莲蓬头可能是播毒途径 致钻石公主号及香港国宅个案增加」、「钟南山：莲蓬头与排气管可能传播新冠病毒」？,多家媒体报导「钟南山：莲蓬头可能是播毒途径 致钻石公主号及香港国宅个案增加」、「钟南山：莲蓬头与排气管可能传播新冠病毒」，经查： 一、钟南山于视讯报告时提到的是「sewer（污水管）」，而非「shower（莲蓬头）」。 二、欧洲唿吸学会的微信公众号文章误将「sewer」翻译为「淋浴器」，媒体引述时写为「淋浴器」或「莲蓬头」。 因此，此报导为「部分错误」讯息。 背景 多家媒体报导中国医学专家钟南山以视讯方式、全程以英文向欧洲唿吸学会报告武汉肺炎疫情。媒体报导标题为「钟南山：莲蓬头可能是播毒途径 致钻石公主号及香港国宅个案增加」、「钟南山：莲蓬头与排气管可能传播新冠病毒」、「钟...,排气管+传播,台湾事实查核中心,https://tw.news.yahoo.com/%E9%83%A8%E5%88%86%E9%8C%AF%E8%AA%A4-%E5%A4%9A%E5%AE%B6%E5%AA%92%E9%AB%94%E5%A0%B1%E5%B0%8E-%E9%8D%BE%E5%8D%97%E5%B1%B1-%E8%93%AE%E8%93%AC%E9%A0%AD%E5%8F%AF%E8%83%BD%E6%98%AF%E6%92%AD%E6%AF%92%E9%80%94%E5%BE%91-%E8%87%B4%E9%91%BD%E7%9F%B3%E5%85%AC%E4%B8%BB%E8%99%9F%E5%8F%8A%E9%A6%99%E6%B8%AF%E5%9C%8B%E5%AE%85%E5%80%8B%E6%A1%88%E5%A2%9E%E5%8A%A0-092754483.html
84063,2020-03-13,dread,尚无定论：新冠病毒通过淋浴器或管道传播,在会议上，钟南山特别提醒，对于新冠病毒的传播途径仍需深入研究，查明是否由于淋浴器或排气管泄露造成。钟南山院士认为，在钻石公主号游轮上，直到2月29日，总共709名患者中感染了COVID-19究其原因可能通过管道或淋浴器致促进了传播。,(淋浴器|管道)+传播,头条辟谣,http://toutiao.com/group/6803576440752177678/
84066,2020-03-13,wish,谣言：纳豆能防新冠病毒,网传消息：由于在以出产纳豆闻名的日本茨城县，至今还没有出现一例新冠病毒感染者，因此很多人认为这无疑是纳豆的效果。,纳豆+(防疫|预防|治疗|防病毒|防感染|抗病毒|防肺炎|对抗|抵抗|杀死|抵御|消灭|阻挡|遏制|抑制|消除|杀毒|除菌|杀病毒),头条辟谣,http://toutiao.com/group/6803531677403447819/
84102,2020-03-14,dread,谣言：预防新冠病毒感染，所有儿童都得戴口罩,婴儿预防新冠病毒感染主要采取“被动防护”的形式，依靠监护人的防护来保护婴儿，并且最好固定一个看护人，看护人尽量不外出，接触孩子时时刻佩戴口罩，不对着孩子咳嗽、打喷嚏，注意洗净双手，不用嘴与孩子的餐具、食物直接接触。,所有儿童出门一定要佩戴口罩,头条辟谣,http://toutiao.com/group/6803961926142394892/
84105,2020-03-14,wish,健康人可以注射“特免血浆”预防新冠病毒？,,注射+血浆+预防,科学辟谣,http://www.piyao.org.cn/2020-03/14/c_1210514384.htm
84125,2020-03-14,wish,谣言：清热解毒药可预防新冠肺炎,鉴定结果：谣言权威解读：清热解毒药适用于瘟疫、温毒及多种热毒病证，常用的中药有金银花、板蓝根、黄芩、鱼腥草、连翘、穿心莲等。,(清热|解毒)+预防,头条辟谣,http://toutiao.com/group/6803935428916281859/
84128,2020-03-14,wish,抗艾滋病药洛匹那韦/利托那韦能预防新冠肺炎？ 不能！,明医识药·“疫”真相丨抗艾滋病药洛匹那韦/利托那韦能预防新冠肺炎？,洛匹那韦+(预防|治疗|防病毒|防感染|抗病毒|防肺炎|对抗|抵抗|杀死|抵御|消灭|阻挡|遏制|抑制|消除|杀毒|除菌|杀病毒),微博辟谣,https://www.weibo.com/1866405545/IyLcsyd7P
84206,2020-03-16,wish,谣言：吃补药或保健品可以提高免疫力来预防新冠,网传消息：近日，网上流传这样一条消息：吃补药或保健品可以提高免疫力，人体免疫力高了就可以更好的抵抗新冠病毒。要通过均衡饮食、保持良好心态、适当运动来提高自身整体免疫水平。,(补药|保健品)+(预防|治疗|防病毒|防感染|抗病毒|防肺炎|对抗|抵抗|杀死|抵御|消灭|阻挡|遏制|抑制|消除|杀毒|除菌|杀病毒),头条辟谣,http://toutiao.com/group/6804742745597411854/
84207,2020-03-16,wish,谣言：服用维生素C能预防新冠病毒,网传消息：一家名为Viralmagazine.it的境外新闻网站上刊载了一篇文章称：“一位中国Zanjan大学教授表示，要想预防新冠病毒，摄入越多维他命C越好。北京军医院的教授ChenHorin说，在热饮里加柠檬喝可以抑制新冠病毒的传播。”,(维他命C|维C|维生素C)+((甘草酸二铵|芦丁片)+(预防|缓解|治疗|防病毒|防感染|抗病毒|防肺炎|对抗|抵抗|杀死|抵御|消灭|阻挡|遏制|抑制|消除|杀毒|除菌|杀病毒)预防|治疗|防病毒|防感染|抗病毒|防肺炎|对抗|抵抗|杀死|抵御|消灭|阻挡|遏制|抑制|消除|杀毒|除菌|杀病毒),头条辟谣,http://toutiao.com/group/6804683649099760135/
84227,2020-03-17,dread,谣言：石正丽警告对疫情不必太乐观，蚊虫或成第三宿主,鉴定结果：谣言权威解读：3月17日，中国科学院武汉病毒研究所发表声明称，近期网络流传题为《石正丽凌晨发出警告：对疫情不必抱有太大乐观，蚊虫或成第三宿主》的消息不实。,(蚊子|蚊虫|苍蝇)+宿主,头条辟谣,http://toutiao.com/group/6805126481774117384/
84236,2020-03-17,dread,谣言：新冠病毒无法通过血液检测,网传消息：随着疫情不断发展，我们经常看到各种媒体报道中提到“通过鼻咽拭子核酸检测呈阳性”这样的字样，有些朋友就在想：是不是感染新型冠状病毒，没法通过血液检测出来。,无法通过+血液检测+病毒,头条辟谣,http://toutiao.com/group/6805091033836159501/
84254,2020-03-17,dread,谣言：新冠状病毒会在咽喉滞留4天,网传消息：近日，网传一则“提醒”称：“冠状病毒在到达肺部之前，还在喉咙里停留四天。此时患者会开始咳嗽并出现喉咙疼痛。如果他喝很多水，用温水，盐或醋漱口，就能消灭病毒……”,咽喉+滞留,头条辟谣,http://toutiao.com/group/6804998614025241095/
84255,2020-03-17,wish,谣言：“自行检测”的新冠病毒检测试剂盒上市,国家药品监督管理局官网信息明确标示，截至3月15日，共批准了5个采用胶体金法的抗体检测试剂盒产品，该产品不作为新型冠状病毒感染的肺炎确诊和排除的依据，不适用于一般人群的筛查。,(自行检测|自检|自测)+(试剂盒|神器),头条辟谣,http://toutiao.com/group/6805016776544354830/
84274,2020-03-17,wish,谣言：84消毒液可以用于消毒皮肤,鉴定结果：谣言权威解读：84消毒液对皮肤和黏膜有腐蚀性和刺激性，不能用于皮肤表面消毒，只能用于环境和物体表面消毒。,84+皮肤+消毒,头条辟谣,http://toutiao.com/group/6805005949787439629/
84292,2020-03-18,wish,谣言：消炎镇痛剂安提普拉敏预防新冠病毒,网传消息：近日，网上有传言称，出门前取少量消炎镇痛剂安提普拉敏涂抹鼻子、嘴和手可以有效预防新冠病毒入侵。,安提普拉敏,头条辟谣,http://toutiao.com/group/6805413595803812366/
84293,2020-03-18,wish,喝红酒可延缓新冠肺炎病情？谣言！,【捉谣记：喝红酒可延缓新冠肺炎病情？谣言！】近日，网上有传言说，红酒多酚有类激素作用，喝红酒可以延缓新冠肺炎病情？这是真的吗？经核实，这是谣言！红酒多酚不存在类激素作用，而且治疗新冠肺炎，激素也不是首选。喝酒伤身，大家少喝为好。  浙江卫视新闻中心的微博视频,红酒+延缓,微博辟谣,https://www.weibo.com/1866405545/IzeGHkNi6
84339,2020-03-19,wish,【错误】网传「新冠肺炎预防配方 教化师姐说...㈠茶叶加苦瓜熬汤：有传染到者需饮2500cc ㈡柠檬原汁加点_，或加仙草，每日3200cc」？,网传「新冠肺炎预防配方 教化师姐说...㈠茶叶加苦瓜熬汤：有传染到者需饮2500cc ㈡柠檬原汁加点_，或加仙草，每日3200cc」，经查： 专家指出，此偏方并无根据。 因此，此传言为错误讯息。 背景 通讯软体、社群平台流传： 「【救灾篇新冠肺炎的解药】 一、新冠肺炎预防配方 教化师姐说（天上十大名医） ㈠茶叶加苦瓜熬汤： 有传染到者需饮2500cc ㈡柠檬原汁加点_，或加仙草，每日3200cc」 此传言有多种版本，除「教化师姐」外，还有「教化菩萨」、「文王圣帝」等冠名变形。 图1：网传讯息撷图 图2：网传讯息撷图 查核 争议点、「茶叶加苦瓜熬汤」以及「柠檬原...,预防配方,台湾事实查核中心,https://tw.news.yahoo.com/%E9%8C%AF%E8%AA%A4-%E7%B6%B2%E5%82%B3-%E6%96%B0%E5%86%A0%E8%82%BA%E7%82%8E%E9%A0%90%E9%98%B2%E9%85%8D%E6%96%B9-%E6%95%99%E5%8C%96%E5%B8%AB%E5%A7%90%E8%AA%AA-%E8%8C%B6%E8%91%89%E5%8A%A0%E8%8B%A6%E7%93%9C%E7%86%AC%E6%B9%AF-091421397.html
84363,2020-03-19,dread,辟谣侠盟丨献血使新冠肺炎康复者更衰弱？,下面我们从捐献者的选择、捐献前的检查、血浆采集过程和捐献者献浆后身体恢复等几方面，来了解捐献血浆是否会影响康复者的健康。综上所述，严格的献浆条件、体格检查、血液检测和全封闭管道采集保证了血浆捐献者在捐献血浆后的身体健康，同时也保证了接受血浆输注患者的安全。,献血+康复者+衰弱,0,https://moment.rednet.cn/content/2020/03/19/6873937.html
84391,2020-03-20,dread,谣言：钟南山说新冠肺炎治愈后遗症会拖累后半生,网传消息：近日，有消息称，钟南山警告，“这场瘟疫比17年前的非典更严重，用的药副作用更大。一旦染上，就算治愈了，后遗症也会拖累后半生。”,(治愈|痊愈|治好)+后遗症,头条辟谣,http://toutiao.com/group/6806112033373684235/
84406,2020-03-20,dread,出院复阳患者造成传染,据人民日报消息。北京大学第一医院感染疾病科主任王贵强：有一少部分确实通过基因测序的方法，测到了整个病毒基因序列，提示他可能是有传染性的，但从正在做病毒分离工作的团队那里，目前还没有从复阳人群里分离到病毒的报告，相关工作还在继续推动。,复阳+(传染|感染|传播|风险),人民日报,alipays://platformapi/startapp?appId=20000909&url=%2Fwww%2Fmsg.html%3FpublicId%3D2018060460336001%26msgId%3D2018060460336001aca6df0b-0fdc-4733-a5eb-607baae08593%26cardId%3D2018060460336001267fa48f-1f63-4fa2-9d93-0eee012f2ef0&sourceId=publicplatform
84413,2020-03-20,wish,谣言：胃酸对新型冠状病毒抑制作用大,鉴定结果：谣言权威解读：目前，还不能排除新型冠状病毒经消化道传播的可能性。虽然胃液酸度较高，不利于大多数病菌存活，但食物在胃中停留时间有限，而且饮食还会稀释胃液，难免有“漏网之鱼”。,胃酸+(抑制|阻挡|遏制|抑制)+病毒,头条辟谣,http://toutiao.com/group/6806154047213535752/
84426,2020-03-20,dread,谣言:康复者恢复期血浆治疗，存在很大风险,,恢复期血浆+风险,科学辟谣,https://piyao.kepuchina.cn/h5/rumordetail?id=EyLg
84428,2020-03-20,wish,谣言：锌可以治疗新冠肺炎,鉴定结果：谣言权威解读：加拿大卑诗大学医学系教授及温哥华综合医院肠胃科医生吉田指出，事实并非如此，目前没有证据表明，锌可以治疗新型冠状病毒。,锌+治疗,头条辟谣,http://toutiao.com/group/6806173022668456461/
84440,2020-03-20,wish,谣言：研究表明新冠病毒感染一次终身免疫,网传消息：近日，有消息称，研究表明新冠病毒感染一次终身免疫，所以可以让一部分人感染轻症新冠病毒，来获得对新冠肺炎的群体免疫，以这种方式来控制新冠病毒。,终身免疫,头条辟谣,http://toutiao.com/group/6806206456598102532/
84454,2020-03-21,wish,谣言：红糖、生姜、大葱大蒜熬水喝不会感染新冠病毒,红糖，即赤砂糖，性甘、温，归肝、脾、胃经，具有补脾缓肝、活血散瘀的作用，可用于治疗风寒感冒，脘腹冷痛，月经不调，产后恶露不绝，喘嗽烦热，妇人血虚，食即吐逆等。,红糖+生姜+(感染|预防|治疗|防病毒|防感染|抗病毒|防肺炎|对抗|抵抗|杀死|抵御|消灭|阻挡|遏制|抑制|消除|杀毒|除菌|杀病毒),头条辟谣,http://toutiao.com/group/6806575487490458123/
84472,2020-03-21,wish,用于牛的冠状病毒疫苗可预防新冠？答案：不能,【用于牛的冠状病毒疫苗可预防新冠？答案：不能】法新社3月20日发布一条辟谣信息，宣布用于动物的冠状病毒疫苗无法用于遏制引发此次疫情的新冠状病毒。据悉，一张用于母牛的疫苗照片近日在Facebook等社交网络广泛传播，由于该疫苗被标注用于防治冠状病毒（Coronavirus），故而引发关注。法新社在信息中表示，这支名为ScourGuard 4K的疫苗用于帮助怀孕的母牛预防腹泻，无法用于人体预防此次新冠状病毒疫情，冠状病毒是一个可以感染不同物种的巨大家族。 法国,牛的冠状病毒疫苗,微博辟谣,https://www.weibo.com/1866405545/IzGM51gkc
84488,2020-03-22,dread,谣言：新冠患者出现咳嗽发烧症状时，肺部已呈50%纤维化,80%的冠状病毒患者都是轻症患者，当新冠肺炎患者初期出现咳嗽、喉咙痛、发烧和肌肉疼痛等症状时，多在1周后自行恢复。,咳嗽+50%+纤维化,头条辟谣,http://toutiao.com/group/6806969258359128584/
84489,2020-03-22,wish,谣言：牛粪和牛尿可以预防新冠病毒,鉴定结果：谣言权威解读：近日，印度专家紧急辟谣，表示牛粪和牛尿可以预防新冠病毒系谣言。虽然许多印度人认为牛是神圣的动物，并认为牛尿可以用作药物甚至可能治愈癌症，但它肯定不能治愈冠状病毒。,(牛粪|牛尿)+(预防|治疗|防病毒|防感染|抗病毒|防肺炎|对抗|抵抗|杀死|抵御|消灭|阻挡|遏制|抑制|消除|杀毒|除菌|杀病毒),头条辟谣,http://toutiao.com/group/6806945571673211405/
84511,2020-03-22,dread,尚无定论：新冠肺炎患者服用布洛芬导致病情恶化,网传消息：近日，有消息称，英国一名疑似感染者，吃退烧药布洛芬后导致症状加重，因此新冠肺炎患者服用布洛芬导致病情恶化。,布洛芬+恶化,头条辟谣,http://toutiao.com/group/6806860297945481742/
84542,2020-03-23,wish,【假影片】澳洲研究香蕉能破坏冠状病毒的组织？剪辑影片谣言,最近 LINE 流传一段谣言影片，讯息描述「冠状病毒也怕香蕉」、「澳洲的研究，香蕉的成份能破坏新冠病毒的组织」的内容，画面则是有国外主播报导加上后面的香蕉影片剪辑片段。事实上这是移,(澳大利亚|澳洲)+香蕉+(破坏|预防|治疗|防病毒|防感染|抗病毒|防肺炎|对抗|抵抗|杀死|抵御|消灭|阻挡|遏制|抑制|消除|杀毒|除菌|杀病毒),MyGoPen,https://tw.news.yahoo.com/%E5%81%87%E5%BD%B1%E7%89%87-%E6%BE%B3%E6%B4%B2%E7%A0%94%E7%A9%B6%E9%A6%99%E8%95%89%E8%83%BD%E7%A0%B4%E5%A3%9E%E5%86%A0%E7%8B%80%E7%97%85%E6%AF%92%E7%9A%84%E7%B5%84%E7%B9%94-%E5%89%AA%E8%BC%AF%E5%BD%B1%E7%89%87%E8%AC%A0%E8%A8%80-054035050.html
84622,2020-03-25,wish,酵素可预防新冠肺炎？不能！,明医识药·“疫”真相丨酵素可预防新冠肺炎？,酵素+(防范|预防|治疗|防病毒|防感染|抗病毒|防肺炎|对抗|抵抗|杀死|抵御|消灭|阻挡|遏制|抑制|消除|杀毒|除菌|杀菌|消毒),微博辟谣,https://www.weibo.com/1866405545/IArzNep6D
84638,2020-03-25,wish,谣言:抗病毒药阿昔洛韦能有效预防新冠肺炎,,阿昔洛韦+(预防|治疗|防病毒|防感染|抗病毒|防肺炎|对抗|抵抗|杀死|抵御|消灭|阻挡|遏制|抑制|消除|杀毒|除菌|杀病毒),科学辟谣,https://piyao.kepuchina.cn/h5/rumordetail?id=prDX
84653,2020-03-25,wish,室温越高越可以预防新冠肺炎？,,室温+越高,光明网,http://www.piyao.org.cn/2020-03/25/c_1210529192.htm
84658,2020-03-25,dread,谣言：国外疫情蔓延，空气中的病毒会导致我国疫情卷土重来,网传消息：新冠疫情在国内逐步得到控制，而国外却正处于爆发和蔓延，虽然和我们相隔较远，但病毒存在空气汇总的情况，而空气又是流动的，于是就有人担心“空气中的病毒会影响到我国，导致疫情卷土重来”。,疫情+空气+病毒+(卷土重来|重新爆发|新一轮|反弹),头条辟谣,http://toutiao.com/group/6808086102876881415/
84662,2020-03-25,wish,免疫增强剂可预防新冠肺炎？,,免疫增强剂,中国药学会科普官方微信公众号,http://www.piyao.org.cn/2020-03/25/c_1210529846.htm
84674,2020-03-25,wish,病毒灵可预防新冠肺炎？谣言，别信！,病毒灵可预防新冠肺炎？谣言，别信！,病毒灵+(预防|治疗|防病毒|防感染|抗病毒|防肺炎|对抗|抵抗|杀死|抵御|消灭|阻挡|遏制|抑制|消除|杀毒|除菌|杀病毒),微博辟谣,https://www.weibo.com/1866405545/IAig8meFV
84749,2020-03-27,wish,低温可冻死新冠病毒？,,(低温|冷+冻死),中国药学会科普官方微信公众号,http://www.piyao.org.cn/2020-03/27/c_1210533106.htm
84788,2020-03-28,dread,谣言：WHO权威专家：中国新冠疫情二次爆发将是大概率事件,在采访中，布鲁斯·艾尔沃德认为中国新冠肺炎疫情有出现反复的可能性，但并未表示中国大概率会遭遇新冠肺炎疫情二次爆发，文章《WHO权威专家艾尔沃德：中国新冠疫情二次爆发将是大概率事件！》的表述并不准确。,二次爆发+中国,头条辟谣,http://toutiao.com/group/6809090707618267659/
84810,2020-03-29,wish,谣言：蛋白粉可预防新冠肺炎,鉴定结果：谣言权威解读：网传消息不实。蛋白粉是膳食营养补充剂，适用于蛋白营养不良的儿童、消耗性疾病或术前术后患者及健身者、运动员等。,蛋白粉+(预防|治疗|防病毒|防感染|抗病毒|防肺炎|对抗|抵抗|杀死|抵御|消灭|阻挡|遏制|抑制|消除|杀毒|除菌|杀病毒),头条辟谣,http://toutiao.com/group/6809466866990318093/
84815,2020-03-29,dread,感染新冠需终身服药？谣言！,【谣言：感染新冠需终身服药】网传消息：网上出现了一些说法：新冠病毒感染像乙型肝炎一样，如果体内有新冠病毒特异性抗体就说明治愈了，如果没有抗体产生就会成为慢性携带者，就需终身服药。鉴定结果：谣言权威解读：南方医科大学南方医院感染内科主任侯金林告诉记者，网传说法是不科学的，新冠病毒与乙肝病毒是完全不同的。因为乙肝是一种慢性感染病，乙肝表面抗原抗体才会持续产生，以中和乙肝病毒的感染，从而保护患者免受病毒侵害。因此，如果检测不到抗体，则是由于病毒在不断复制，抗体在不断与其中和；但如果发现乙肝表面抗原抗体，则证明病毒已被抑制。新冠病毒是RNA病毒，没有上述乙肝病毒的特点，不能形成慢性感染，所以就不可能终身服药。正因为新冠病毒感染是个急性感染过程，患者通常感染病毒量较少，若患者自身抵抗力较强，通常14天内就可清除病毒，产生的新冠病毒抗体就能被检测到。然而，尽管新冠病毒抗体可以被检测出来，但体内可能仍还有少量病毒复制，不能说明患者不具备传染性，因此抗体出现并不能作为出院标准。（来源：生命时报）,终身服药+(新冠|冠状|新型冠状|肺炎|病毒),微博辟谣,https://www.weibo.com/1866405545/IASSwdfAW
84820,2020-03-29,wish,α-干扰素能预防新冠肺炎？不能！,明医识药·“疫”真相丨α-干扰素能预防新冠肺炎？,干扰素+干扰素+预防+(肺炎|新冠|新型冠状|冠状),微博辟谣,https://www.weibo.com/1866405545/IB35s9e3L
84832,2020-03-30,dread,猫会感染新型冠状病毒,3月28日消息，来自比利时列日市的一只猫在其主人确诊新冠肺炎后，出现了包括呼吸困难在内的典型感染症状，其新冠病毒检测结果呈阳性。对此，世卫组织表示尚无证据证明猫、狗等宠物会把病毒传染给人。,猫+人+(传染|感染|传播),环球网,alipays://platformapi/startapp?appId=20000909&url=%2Fwww%2Fmsg.html%3FpublicId%3D2018060460336001%26msgId%3D201806046033600107ebaf7f-56b6-4bb8-b5e7-2b517a35c0c2%26cardId%3D2018060460336001fe6df310-ff95-4e4a-9e19-4ff88ebb4902&sourceId=publicplatform
84873,2020-03-30,wish,用免洗手消毒液后用餐可不再洗手？,,免洗手消毒液后用餐可不再洗手,中国药学会科普官方微信公众号,http://www.piyao.org.cn/2020-03/30/c_1210536572.htm
84880,2020-03-31,dread,新冠病毒感染像乙型肝炎一样，需长期服药？,,终身服药,深圳新闻网、北京辟谣平台,http://www.piyao.org.cn/2020-03/31/c_1210538075.htm
84888,2020-03-31,dread,食用烘焙食品易感染新冠病毒？谣言！,【食用烘焙食品易感染新冠病毒？谣言！】 最近，一张图片在网上流转，说：“绝对不要食用烘焙食品，因为烘焙食品不可清洗，食用容易感染新冠病毒。”这张图片上，还加了世卫组织的标识。看似有鼻子有眼，但这是真的吗？当然不是！疫情发生以来，世卫组织和专家并没有发布任何与烘焙食品有关的公告。目前，也没有证据表明，烘焙食品容易被冠状病毒污染。请大家不要盲目相信一些所谓的“养生食谱”。  浙江卫视新闻中心的微博视频,烘焙食品+(易感染|容易),微博辟谣,https://www.weibo.com/1866405545/IBdg60NID
84931,2020-03-31,dread,冠状病毒病通过空气传播？,,空气+(传染|感染|传播),世界卫生组织官方微博,http://www.piyao.org.cn/2020-03/31/c_1210538065.htm
85023,2020-04-03,dread,无症状感染者会造成新一轮疫情暴发？,,无症状+(暴发|爆发),新华网,http://www.piyao.org.cn/2020-04/03/c_1210542810.htm
85055,2020-04-03,wish,谣言:戴口罩能绝对避免感染新冠病毒,,戴口罩+绝对避免+感染,科学辟谣,https://piyao.kepuchina.cn/h5/rumordetail?id=RJWV
85061,2020-04-03,dread,谣言：5G技术导致新冠病毒传播,网传消息：据美国科技网站HowtoGeek报道，有人称中国是第一个建设了10万座5G基站的国家，因此新冠病毒起源于中国，更有甚者认为新冠病毒疫苗其实是一种微型机器人，其目的是为了控制世界上的人口。,5G+传播,头条辟谣,http://toutiao.com/group/6811420865343783438/
85100,2020-04-05,wish,卡介苗能够抵御新冠病毒,卡介苗是预防儿童结核性脑膜炎和粟粒性结核的疫苗...,卡介苗+抵御,宾夕法尼亚大学医学院病理及实验医药系研究副教授,https://vp.fact.qq.com/article?id=3fb27989ffcb1dd6106ce2c4869b0faa
85117,2020-04-05,wish,84消毒液和洁厕灵混用可杀灭新冠病毒？不可混用！,明医识药·“疫”真相 | 84消毒液和洁厕灵混用可杀灭新冠病毒？（作者：中山大学附属第五医院 主管药师 匡乔婷 审核专家：北京大学第一医院 副主任药师 王宝新）,洁厕灵+84+可,微博辟谣,https://www.weibo.com/1866405545/IBYfnm1xo
85153,2020-04-06,dread,谣言：空中的杨柳絮中存在新冠病毒,网传消息：4月至5月上旬，杨柳絮纷飞，这白色絮状的绒毛，携带着种子，以风为媒，漫天飞散传播下一代。鉴定结果：谣言权威解读：根据现有的研究，没有证据证明杨柳絮中存在新冠病毒。,柳絮,头条辟谣,http://toutiao.com/group/6812524149852865031/
85209,2020-04-08,wish,谣言:日常消毒时所有的消毒剂都能有效杀灭新型冠状病毒,,所有消毒剂+有效,科学辟谣,https://piyao.kepuchina.cn/h5/rumordetail?id=VOyJ
85233,2020-04-08,wish,谣言:银离子抗菌液能杀灭新冠病毒,,银离子+(杀灭|预防|治疗|防病毒|防感染|抗病毒|防肺炎|对抗|抵抗|杀死|抵御|消灭|阻挡|遏制|抑制|消除|杀毒|除菌|杀病毒),科学辟谣,https://piyao.kepuchina.cn/h5/rumordetail?id=DLOJ
85236,2020-04-08,dread,谣言：与新冠病毒携带者同乘电梯一定会被感染,网传消息：随着各地复工复产，商场、办公楼人员密集，有网友称与新冠病毒携带者同乘电梯一定会被感染。若与病毒携带者同乘电梯，可能会被其咳嗽、喷嚏、说话时的飞沫传染。,电梯+会被+(传染|感染|传播|风险),头条辟谣,http://toutiao.com/group/6813232266647437837/
85699,2020-04-05,dread,【14.7%的猫感染新冠？论文作者：仅限高风险来源样本，不要被误导和恐慌】@红星新闻  论文作者谈14.7%的猫感染新冠：仅限高风险来源样本，不要被误导和恐慌,,14.7+猫+(传染|感染|传播),捉谣记,https://www.weibo.com/6590980486/IBRP6yKdF
85870,2020-01-22,wish,【淡盐水可预防感染新型冠状病毒？专家：不靠谱】随着武汉新型冠状病毒的传播，今日有不少网友向@捉谣记 私信一张截图，问及截图中所指的“淡盐水可预防感染新型冠状病毒”是真是假。@捉谣记 在此告诉大家，专家已经出来辟谣了:该方法多用于治疗过敏性鼻炎、清洁口腔鼻腔等，对预防过敏性疾病效果明显，但是对病原微生物效果一般，所以网传内容并不靠谱。详戳>>网页链接,,淡盐水+(预防|治疗|防病毒|防感染|抗病毒|防肺炎|对抗|抵抗|杀死|抵御|消灭|阻挡|遏制|抑制|消除|杀毒|除菌|杀病毒),捉谣记,https://www.weibo.com/6590980486/IqFLw5PlV
